--
-- PostgreSQL database dump
--

-- Dumped from database version 17.4 (Debian 17.4-1)
-- Dumped by pg_dump version 17.4 (Debian 17.4-1)

SET statement_timeout = 0;
SET lock_timeout = 0;
SET idle_in_transaction_session_timeout = 0;
SET transaction_timeout = 0;
SET client_encoding = 'UTF8';
SET standard_conforming_strings = on;
SELECT pg_catalog.set_config('search_path', '', false);
SET check_function_bodies = false;
SET xmloption = content;
SET client_min_messages = warning;
SET row_security = off;

SET default_tablespace = '';

SET default_table_access_method = heap;

--
-- Name: account_emailaddress; Type: TABLE; Schema: public; Owner: postgres
--

CREATE TABLE public.account_emailaddress (
    id integer NOT NULL,
    email character varying(254) NOT NULL,
    verified boolean NOT NULL,
    "primary" boolean NOT NULL,
    user_id bigint NOT NULL
);


ALTER TABLE public.account_emailaddress OWNER TO postgres;

--
-- Name: account_emailaddress_id_seq; Type: SEQUENCE; Schema: public; Owner: postgres
--

ALTER TABLE public.account_emailaddress ALTER COLUMN id ADD GENERATED BY DEFAULT AS IDENTITY (
    SEQUENCE NAME public.account_emailaddress_id_seq
    START WITH 1
    INCREMENT BY 1
    NO MINVALUE
    NO MAXVALUE
    CACHE 1
);


--
-- Name: account_emailconfirmation; Type: TABLE; Schema: public; Owner: postgres
--

CREATE TABLE public.account_emailconfirmation (
    id integer NOT NULL,
    created timestamp with time zone NOT NULL,
    sent timestamp with time zone,
    key character varying(64) NOT NULL,
    email_address_id integer NOT NULL
);


ALTER TABLE public.account_emailconfirmation OWNER TO postgres;

--
-- Name: account_emailconfirmation_id_seq; Type: SEQUENCE; Schema: public; Owner: postgres
--

ALTER TABLE public.account_emailconfirmation ALTER COLUMN id ADD GENERATED BY DEFAULT AS IDENTITY (
    SEQUENCE NAME public.account_emailconfirmation_id_seq
    START WITH 1
    INCREMENT BY 1
    NO MINVALUE
    NO MAXVALUE
    CACHE 1
);


--
-- Name: auth_group; Type: TABLE; Schema: public; Owner: postgres
--

CREATE TABLE public.auth_group (
    id integer NOT NULL,
    name character varying(150) NOT NULL
);


ALTER TABLE public.auth_group OWNER TO postgres;

--
-- Name: auth_group_id_seq; Type: SEQUENCE; Schema: public; Owner: postgres
--

ALTER TABLE public.auth_group ALTER COLUMN id ADD GENERATED BY DEFAULT AS IDENTITY (
    SEQUENCE NAME public.auth_group_id_seq
    START WITH 1
    INCREMENT BY 1
    NO MINVALUE
    NO MAXVALUE
    CACHE 1
);


--
-- Name: auth_group_permissions; Type: TABLE; Schema: public; Owner: postgres
--

CREATE TABLE public.auth_group_permissions (
    id bigint NOT NULL,
    group_id integer NOT NULL,
    permission_id integer NOT NULL
);


ALTER TABLE public.auth_group_permissions OWNER TO postgres;

--
-- Name: auth_group_permissions_id_seq; Type: SEQUENCE; Schema: public; Owner: postgres
--

ALTER TABLE public.auth_group_permissions ALTER COLUMN id ADD GENERATED BY DEFAULT AS IDENTITY (
    SEQUENCE NAME public.auth_group_permissions_id_seq
    START WITH 1
    INCREMENT BY 1
    NO MINVALUE
    NO MAXVALUE
    CACHE 1
);


--
-- Name: auth_permission; Type: TABLE; Schema: public; Owner: postgres
--

CREATE TABLE public.auth_permission (
    id integer NOT NULL,
    name character varying(255) NOT NULL,
    content_type_id integer NOT NULL,
    codename character varying(100) NOT NULL
);


ALTER TABLE public.auth_permission OWNER TO postgres;

--
-- Name: auth_permission_id_seq; Type: SEQUENCE; Schema: public; Owner: postgres
--

ALTER TABLE public.auth_permission ALTER COLUMN id ADD GENERATED BY DEFAULT AS IDENTITY (
    SEQUENCE NAME public.auth_permission_id_seq
    START WITH 1
    INCREMENT BY 1
    NO MINVALUE
    NO MAXVALUE
    CACHE 1
);


--
-- Name: authtoken_token; Type: TABLE; Schema: public; Owner: postgres
--

CREATE TABLE public.authtoken_token (
    key character varying(40) NOT NULL,
    created timestamp with time zone NOT NULL,
    user_id bigint NOT NULL
);


ALTER TABLE public.authtoken_token OWNER TO postgres;

--
-- Name: business_client; Type: TABLE; Schema: public; Owner: postgres
--

CREATE TABLE public.business_client (
    id bigint NOT NULL,
    name character varying(200) NOT NULL,
    manager character varying(200) NOT NULL,
    phone character varying(20),
    email character varying(254),
    status character varying(10) NOT NULL,
    joined_at date NOT NULL,
    notes text
);


ALTER TABLE public.business_client OWNER TO postgres;

--
-- Name: business_client_id_seq; Type: SEQUENCE; Schema: public; Owner: postgres
--

ALTER TABLE public.business_client ALTER COLUMN id ADD GENERATED BY DEFAULT AS IDENTITY (
    SEQUENCE NAME public.business_client_id_seq
    START WITH 1
    INCREMENT BY 1
    NO MINVALUE
    NO MAXVALUE
    CACHE 1
);


--
-- Name: business_item; Type: TABLE; Schema: public; Owner: postgres
--

CREATE TABLE public.business_item (
    id bigint NOT NULL,
    name character varying(100),
    sector character varying(10) NOT NULL,
    type character varying(15),
    notes text
);


ALTER TABLE public.business_item OWNER TO postgres;

--
-- Name: business_item_id_seq; Type: SEQUENCE; Schema: public; Owner: postgres
--

ALTER TABLE public.business_item ALTER COLUMN id ADD GENERATED BY DEFAULT AS IDENTITY (
    SEQUENCE NAME public.business_item_id_seq
    START WITH 1
    INCREMENT BY 1
    NO MINVALUE
    NO MAXVALUE
    CACHE 1
);


--
-- Name: business_scale; Type: TABLE; Schema: public; Owner: postgres
--

CREATE TABLE public.business_scale (
    id bigint NOT NULL,
    name character varying(250) NOT NULL,
    manufacturer character varying(250),
    model character varying(250),
    front_camera_ip character varying(100),
    front_camera_port character varying(100),
    rear_camera_ip character varying(100),
    rear_camera_port character varying(100),
    status boolean NOT NULL,
    connection_type character varying(10) NOT NULL,
    ip character varying(250),
    port integer,
    delay double precision,
    bits_number integer NOT NULL,
    serial_port character varying(10),
    baudrate integer,
    parity character varying(10),
    stop_bits double precision,
    flow_control character varying(20),
    weight_start_index integer,
    weight_end_index integer,
    CONSTRAINT business_scale_weight_end_index_check CHECK ((weight_end_index >= 0)),
    CONSTRAINT business_scale_weight_start_index_check CHECK ((weight_start_index >= 0))
);


ALTER TABLE public.business_scale OWNER TO postgres;

--
-- Name: business_scale_id_seq; Type: SEQUENCE; Schema: public; Owner: postgres
--

ALTER TABLE public.business_scale ALTER COLUMN id ADD GENERATED BY DEFAULT AS IDENTITY (
    SEQUENCE NAME public.business_scale_id_seq
    START WITH 1
    INCREMENT BY 1
    NO MINVALUE
    NO MAXVALUE
    CACHE 1
);


--
-- Name: company_emailsettings; Type: TABLE; Schema: public; Owner: postgres
--

CREATE TABLE public.company_emailsettings (
    id bigint NOT NULL,
    email_host character varying(255) NOT NULL,
    email_port integer NOT NULL,
    email_host_user character varying(254) NOT NULL,
    email_host_password text NOT NULL,
    recipient_email character varying(254) NOT NULL,
    use_tls boolean NOT NULL
);


ALTER TABLE public.company_emailsettings OWNER TO postgres;

--
-- Name: company_emailsettings_id_seq; Type: SEQUENCE; Schema: public; Owner: postgres
--

ALTER TABLE public.company_emailsettings ALTER COLUMN id ADD GENERATED BY DEFAULT AS IDENTITY (
    SEQUENCE NAME public.company_emailsettings_id_seq
    START WITH 1
    INCREMENT BY 1
    NO MINVALUE
    NO MAXVALUE
    CACHE 1
);


--
-- Name: company_systemsettings; Type: TABLE; Schema: public; Owner: postgres
--

CREATE TABLE public.company_systemsettings (
    id bigint NOT NULL,
    company_name character varying(250),
    company_logo character varying(100),
    manipulation_threshold numeric(10,3) NOT NULL,
    start_ticket_number character varying NOT NULL,
    payment_type character varying(50) NOT NULL,
    weighing_method character varying(50) NOT NULL,
    weighing_unit character varying(50) NOT NULL
);


ALTER TABLE public.company_systemsettings OWNER TO postgres;

--
-- Name: company_systemsettings_id_seq; Type: SEQUENCE; Schema: public; Owner: postgres
--

ALTER TABLE public.company_systemsettings ALTER COLUMN id ADD GENERATED BY DEFAULT AS IDENTITY (
    SEQUENCE NAME public.company_systemsettings_id_seq
    START WITH 1
    INCREMENT BY 1
    NO MINVALUE
    NO MAXVALUE
    CACHE 1
);


--
-- Name: django_admin_log; Type: TABLE; Schema: public; Owner: postgres
--

CREATE TABLE public.django_admin_log (
    id integer NOT NULL,
    action_time timestamp with time zone NOT NULL,
    object_id text,
    object_repr character varying(200) NOT NULL,
    action_flag smallint NOT NULL,
    change_message text NOT NULL,
    content_type_id integer,
    user_id bigint NOT NULL,
    CONSTRAINT django_admin_log_action_flag_check CHECK ((action_flag >= 0))
);


ALTER TABLE public.django_admin_log OWNER TO postgres;

--
-- Name: django_admin_log_id_seq; Type: SEQUENCE; Schema: public; Owner: postgres
--

ALTER TABLE public.django_admin_log ALTER COLUMN id ADD GENERATED BY DEFAULT AS IDENTITY (
    SEQUENCE NAME public.django_admin_log_id_seq
    START WITH 1
    INCREMENT BY 1
    NO MINVALUE
    NO MAXVALUE
    CACHE 1
);


--
-- Name: django_content_type; Type: TABLE; Schema: public; Owner: postgres
--

CREATE TABLE public.django_content_type (
    id integer NOT NULL,
    app_label character varying(100) NOT NULL,
    model character varying(100) NOT NULL
);


ALTER TABLE public.django_content_type OWNER TO postgres;

--
-- Name: django_content_type_id_seq; Type: SEQUENCE; Schema: public; Owner: postgres
--

ALTER TABLE public.django_content_type ALTER COLUMN id ADD GENERATED BY DEFAULT AS IDENTITY (
    SEQUENCE NAME public.django_content_type_id_seq
    START WITH 1
    INCREMENT BY 1
    NO MINVALUE
    NO MAXVALUE
    CACHE 1
);


--
-- Name: django_migrations; Type: TABLE; Schema: public; Owner: postgres
--

CREATE TABLE public.django_migrations (
    id bigint NOT NULL,
    app character varying(255) NOT NULL,
    name character varying(255) NOT NULL,
    applied timestamp with time zone NOT NULL
);


ALTER TABLE public.django_migrations OWNER TO postgres;

--
-- Name: django_migrations_id_seq; Type: SEQUENCE; Schema: public; Owner: postgres
--

ALTER TABLE public.django_migrations ALTER COLUMN id ADD GENERATED BY DEFAULT AS IDENTITY (
    SEQUENCE NAME public.django_migrations_id_seq
    START WITH 1
    INCREMENT BY 1
    NO MINVALUE
    NO MAXVALUE
    CACHE 1
);


--
-- Name: django_session; Type: TABLE; Schema: public; Owner: postgres
--

CREATE TABLE public.django_session (
    session_key character varying(40) NOT NULL,
    session_data text NOT NULL,
    expire_date timestamp with time zone NOT NULL
);


ALTER TABLE public.django_session OWNER TO postgres;

--
-- Name: socialaccount_socialaccount; Type: TABLE; Schema: public; Owner: postgres
--

CREATE TABLE public.socialaccount_socialaccount (
    id integer NOT NULL,
    provider character varying(200) NOT NULL,
    uid character varying(191) NOT NULL,
    last_login timestamp with time zone NOT NULL,
    date_joined timestamp with time zone NOT NULL,
    extra_data jsonb NOT NULL,
    user_id bigint NOT NULL
);


ALTER TABLE public.socialaccount_socialaccount OWNER TO postgres;

--
-- Name: socialaccount_socialaccount_id_seq; Type: SEQUENCE; Schema: public; Owner: postgres
--

ALTER TABLE public.socialaccount_socialaccount ALTER COLUMN id ADD GENERATED BY DEFAULT AS IDENTITY (
    SEQUENCE NAME public.socialaccount_socialaccount_id_seq
    START WITH 1
    INCREMENT BY 1
    NO MINVALUE
    NO MAXVALUE
    CACHE 1
);


--
-- Name: socialaccount_socialapp; Type: TABLE; Schema: public; Owner: postgres
--

CREATE TABLE public.socialaccount_socialapp (
    id integer NOT NULL,
    provider character varying(30) NOT NULL,
    name character varying(40) NOT NULL,
    client_id character varying(191) NOT NULL,
    secret character varying(191) NOT NULL,
    key character varying(191) NOT NULL,
    provider_id character varying(200) NOT NULL,
    settings jsonb NOT NULL
);


ALTER TABLE public.socialaccount_socialapp OWNER TO postgres;

--
-- Name: socialaccount_socialapp_id_seq; Type: SEQUENCE; Schema: public; Owner: postgres
--

ALTER TABLE public.socialaccount_socialapp ALTER COLUMN id ADD GENERATED BY DEFAULT AS IDENTITY (
    SEQUENCE NAME public.socialaccount_socialapp_id_seq
    START WITH 1
    INCREMENT BY 1
    NO MINVALUE
    NO MAXVALUE
    CACHE 1
);


--
-- Name: socialaccount_socialtoken; Type: TABLE; Schema: public; Owner: postgres
--

CREATE TABLE public.socialaccount_socialtoken (
    id integer NOT NULL,
    token text NOT NULL,
    token_secret text NOT NULL,
    expires_at timestamp with time zone,
    account_id integer NOT NULL,
    app_id integer
);


ALTER TABLE public.socialaccount_socialtoken OWNER TO postgres;

--
-- Name: socialaccount_socialtoken_id_seq; Type: SEQUENCE; Schema: public; Owner: postgres
--

ALTER TABLE public.socialaccount_socialtoken ALTER COLUMN id ADD GENERATED BY DEFAULT AS IDENTITY (
    SEQUENCE NAME public.socialaccount_socialtoken_id_seq
    START WITH 1
    INCREMENT BY 1
    NO MINVALUE
    NO MAXVALUE
    CACHE 1
);


--
-- Name: tickets_ticket; Type: TABLE; Schema: public; Owner: postgres
--

CREATE TABLE public.tickets_ticket (
    id bigint NOT NULL,
    ticket_number integer,
    ticket_type character varying(10) NOT NULL,
    first_weight numeric(10,3),
    first_weight_date character varying(250),
    second_weight numeric(10,3),
    second_weight_date character varying(250),
    trailer_first_weight numeric(10,3),
    trailer_second_weight numeric(10,3),
    trailer_plate_number character varying(10),
    net_weight numeric(10,3),
    farm character varying(50),
    boxes_number integer,
    birds_number integer,
    gas_ratio numeric(10,3),
    is_completed boolean NOT NULL,
    notes character varying(250),
    created_at timestamp with time zone NOT NULL,
    customer_id bigint,
    driver_id bigint,
    item_id bigint,
    scale_id bigint NOT NULL,
    vehicle_id bigint NOT NULL
);


ALTER TABLE public.tickets_ticket OWNER TO postgres;

--
-- Name: tickets_ticket_id_seq; Type: SEQUENCE; Schema: public; Owner: postgres
--

ALTER TABLE public.tickets_ticket ALTER COLUMN id ADD GENERATED BY DEFAULT AS IDENTITY (
    SEQUENCE NAME public.tickets_ticket_id_seq
    START WITH 1
    INCREMENT BY 1
    NO MINVALUE
    NO MAXVALUE
    CACHE 1
);


--
-- Name: token_blacklist_blacklistedtoken; Type: TABLE; Schema: public; Owner: postgres
--

CREATE TABLE public.token_blacklist_blacklistedtoken (
    id bigint NOT NULL,
    blacklisted_at timestamp with time zone NOT NULL,
    token_id bigint NOT NULL
);


ALTER TABLE public.token_blacklist_blacklistedtoken OWNER TO postgres;

--
-- Name: token_blacklist_blacklistedtoken_id_seq; Type: SEQUENCE; Schema: public; Owner: postgres
--

ALTER TABLE public.token_blacklist_blacklistedtoken ALTER COLUMN id ADD GENERATED BY DEFAULT AS IDENTITY (
    SEQUENCE NAME public.token_blacklist_blacklistedtoken_id_seq
    START WITH 1
    INCREMENT BY 1
    NO MINVALUE
    NO MAXVALUE
    CACHE 1
);


--
-- Name: token_blacklist_outstandingtoken; Type: TABLE; Schema: public; Owner: postgres
--

CREATE TABLE public.token_blacklist_outstandingtoken (
    id bigint NOT NULL,
    token text NOT NULL,
    created_at timestamp with time zone,
    expires_at timestamp with time zone NOT NULL,
    user_id bigint,
    jti character varying(255) NOT NULL
);


ALTER TABLE public.token_blacklist_outstandingtoken OWNER TO postgres;

--
-- Name: token_blacklist_outstandingtoken_id_seq; Type: SEQUENCE; Schema: public; Owner: postgres
--

ALTER TABLE public.token_blacklist_outstandingtoken ALTER COLUMN id ADD GENERATED BY DEFAULT AS IDENTITY (
    SEQUENCE NAME public.token_blacklist_outstandingtoken_id_seq
    START WITH 1
    INCREMENT BY 1
    NO MINVALUE
    NO MAXVALUE
    CACHE 1
);


--
-- Name: users_user; Type: TABLE; Schema: public; Owner: postgres
--

CREATE TABLE public.users_user (
    id bigint NOT NULL,
    password character varying(128) NOT NULL,
    last_login timestamp with time zone,
    is_superuser boolean NOT NULL,
    is_staff boolean NOT NULL,
    is_active boolean NOT NULL,
    date_joined timestamp with time zone NOT NULL,
    email character varying(254) NOT NULL,
    first_name character varying(30) NOT NULL,
    last_name character varying(30) NOT NULL
);


ALTER TABLE public.users_user OWNER TO postgres;

--
-- Name: users_user_groups; Type: TABLE; Schema: public; Owner: postgres
--

CREATE TABLE public.users_user_groups (
    id bigint NOT NULL,
    user_id bigint NOT NULL,
    group_id integer NOT NULL
);


ALTER TABLE public.users_user_groups OWNER TO postgres;

--
-- Name: users_user_groups_id_seq; Type: SEQUENCE; Schema: public; Owner: postgres
--

ALTER TABLE public.users_user_groups ALTER COLUMN id ADD GENERATED BY DEFAULT AS IDENTITY (
    SEQUENCE NAME public.users_user_groups_id_seq
    START WITH 1
    INCREMENT BY 1
    NO MINVALUE
    NO MAXVALUE
    CACHE 1
);


--
-- Name: users_user_id_seq; Type: SEQUENCE; Schema: public; Owner: postgres
--

ALTER TABLE public.users_user ALTER COLUMN id ADD GENERATED BY DEFAULT AS IDENTITY (
    SEQUENCE NAME public.users_user_id_seq
    START WITH 1
    INCREMENT BY 1
    NO MINVALUE
    NO MAXVALUE
    CACHE 1
);


--
-- Name: users_user_user_permissions; Type: TABLE; Schema: public; Owner: postgres
--

CREATE TABLE public.users_user_user_permissions (
    id bigint NOT NULL,
    user_id bigint NOT NULL,
    permission_id integer NOT NULL
);


ALTER TABLE public.users_user_user_permissions OWNER TO postgres;

--
-- Name: users_user_user_permissions_id_seq; Type: SEQUENCE; Schema: public; Owner: postgres
--

ALTER TABLE public.users_user_user_permissions ALTER COLUMN id ADD GENERATED BY DEFAULT AS IDENTITY (
    SEQUENCE NAME public.users_user_user_permissions_id_seq
    START WITH 1
    INCREMENT BY 1
    NO MINVALUE
    NO MAXVALUE
    CACHE 1
);


--
-- Name: vehicles_blockedvehicle; Type: TABLE; Schema: public; Owner: postgres
--

CREATE TABLE public.vehicles_blockedvehicle (
    id bigint NOT NULL,
    manipulative_value numeric(10,3),
    manipulative_date timestamp with time zone NOT NULL,
    is_blocked boolean NOT NULL,
    unblock_date timestamp with time zone,
    unblock_reason character varying(50),
    status character varying(10) NOT NULL,
    driver_id bigint,
    manipulative_user_id bigint,
    unblock_user_id bigint,
    vehicle_id bigint NOT NULL
);


ALTER TABLE public.vehicles_blockedvehicle OWNER TO postgres;

--
-- Name: vehicles_blockedvehicle_id_seq; Type: SEQUENCE; Schema: public; Owner: postgres
--

ALTER TABLE public.vehicles_blockedvehicle ALTER COLUMN id ADD GENERATED BY DEFAULT AS IDENTITY (
    SEQUENCE NAME public.vehicles_blockedvehicle_id_seq
    START WITH 1
    INCREMENT BY 1
    NO MINVALUE
    NO MAXVALUE
    CACHE 1
);


--
-- Name: vehicles_driver; Type: TABLE; Schema: public; Owner: postgres
--

CREATE TABLE public.vehicles_driver (
    id bigint NOT NULL,
    name character varying(250) NOT NULL,
    license character varying(14) NOT NULL,
    notes character varying(250),
    license_category character varying(100),
    license_expiry date,
    status character varying(8)
);


ALTER TABLE public.vehicles_driver OWNER TO postgres;

--
-- Name: vehicles_driver_id_seq; Type: SEQUENCE; Schema: public; Owner: postgres
--

ALTER TABLE public.vehicles_driver ALTER COLUMN id ADD GENERATED BY DEFAULT AS IDENTITY (
    SEQUENCE NAME public.vehicles_driver_id_seq
    START WITH 1
    INCREMENT BY 1
    NO MINVALUE
    NO MAXVALUE
    CACHE 1
);


--
-- Name: vehicles_vehicle; Type: TABLE; Schema: public; Owner: postgres
--

CREATE TABLE public.vehicles_vehicle (
    id bigint NOT NULL,
    plate character varying(10) NOT NULL,
    license character varying(14) NOT NULL,
    chassis_number character varying(50),
    model character varying(100),
    type character varying(100),
    capacity numeric(10,2),
    last_inspection_date date,
    license_weight numeric(10,3),
    first_weight numeric(10,3),
    total_weight_operations integer,
    status character varying(8),
    notes character varying(250),
    created_at timestamp with time zone,
    year character varying(10),
    license_expiry date
);


ALTER TABLE public.vehicles_vehicle OWNER TO postgres;

--
-- Name: vehicles_vehicle_drivers; Type: TABLE; Schema: public; Owner: postgres
--

CREATE TABLE public.vehicles_vehicle_drivers (
    id bigint NOT NULL,
    vehicle_id bigint NOT NULL,
    driver_id bigint NOT NULL
);


ALTER TABLE public.vehicles_vehicle_drivers OWNER TO postgres;

--
-- Name: vehicles_vehicle_drivers_id_seq; Type: SEQUENCE; Schema: public; Owner: postgres
--

ALTER TABLE public.vehicles_vehicle_drivers ALTER COLUMN id ADD GENERATED BY DEFAULT AS IDENTITY (
    SEQUENCE NAME public.vehicles_vehicle_drivers_id_seq
    START WITH 1
    INCREMENT BY 1
    NO MINVALUE
    NO MAXVALUE
    CACHE 1
);


--
-- Name: vehicles_vehicle_id_seq; Type: SEQUENCE; Schema: public; Owner: postgres
--

ALTER TABLE public.vehicles_vehicle ALTER COLUMN id ADD GENERATED BY DEFAULT AS IDENTITY (
    SEQUENCE NAME public.vehicles_vehicle_id_seq
    START WITH 1
    INCREMENT BY 1
    NO MINVALUE
    NO MAXVALUE
    CACHE 1
);


--
-- Data for Name: account_emailaddress; Type: TABLE DATA; Schema: public; Owner: postgres
--

COPY public.account_emailaddress (id, email, verified, "primary", user_id) FROM stdin;
1	user@gmail.com	f	t	2
2	test@gmail.com	f	t	4
\.


--
-- Data for Name: account_emailconfirmation; Type: TABLE DATA; Schema: public; Owner: postgres
--

COPY public.account_emailconfirmation (id, created, sent, key, email_address_id) FROM stdin;
\.


--
-- Data for Name: auth_group; Type: TABLE DATA; Schema: public; Owner: postgres
--

COPY public.auth_group (id, name) FROM stdin;
\.


--
-- Data for Name: auth_group_permissions; Type: TABLE DATA; Schema: public; Owner: postgres
--

COPY public.auth_group_permissions (id, group_id, permission_id) FROM stdin;
\.


--
-- Data for Name: auth_permission; Type: TABLE DATA; Schema: public; Owner: postgres
--

COPY public.auth_permission (id, name, content_type_id, codename) FROM stdin;
1	Can add log entry	1	add_logentry
2	Can change log entry	1	change_logentry
3	Can delete log entry	1	delete_logentry
4	Can view log entry	1	view_logentry
5	Can add permission	2	add_permission
6	Can change permission	2	change_permission
7	Can delete permission	2	delete_permission
8	Can view permission	2	view_permission
9	Can add group	3	add_group
10	Can change group	3	change_group
11	Can delete group	3	delete_group
12	Can view group	3	view_group
13	Can add content type	4	add_contenttype
14	Can change content type	4	change_contenttype
15	Can delete content type	4	delete_contenttype
16	Can view content type	4	view_contenttype
17	Can add session	5	add_session
18	Can change session	5	change_session
19	Can delete session	5	delete_session
20	Can view session	5	view_session
21	Can add Token	6	add_token
22	Can change Token	6	change_token
23	Can delete Token	6	delete_token
24	Can view Token	6	view_token
25	Can add Token	7	add_tokenproxy
26	Can change Token	7	change_tokenproxy
27	Can delete Token	7	delete_tokenproxy
28	Can view Token	7	view_tokenproxy
29	Can add blacklisted token	8	add_blacklistedtoken
30	Can change blacklisted token	8	change_blacklistedtoken
31	Can delete blacklisted token	8	delete_blacklistedtoken
32	Can view blacklisted token	8	view_blacklistedtoken
33	Can add outstanding token	9	add_outstandingtoken
34	Can change outstanding token	9	change_outstandingtoken
35	Can delete outstanding token	9	delete_outstandingtoken
36	Can view outstanding token	9	view_outstandingtoken
37	Can add email address	10	add_emailaddress
38	Can change email address	10	change_emailaddress
39	Can delete email address	10	delete_emailaddress
40	Can view email address	10	view_emailaddress
41	Can add email confirmation	11	add_emailconfirmation
42	Can change email confirmation	11	change_emailconfirmation
43	Can delete email confirmation	11	delete_emailconfirmation
44	Can view email confirmation	11	view_emailconfirmation
45	Can add social account	12	add_socialaccount
46	Can change social account	12	change_socialaccount
47	Can delete social account	12	delete_socialaccount
48	Can view social account	12	view_socialaccount
49	Can add social application	13	add_socialapp
50	Can change social application	13	change_socialapp
51	Can delete social application	13	delete_socialapp
52	Can view social application	13	view_socialapp
53	Can add social application token	14	add_socialtoken
54	Can change social application token	14	change_socialtoken
55	Can delete social application token	14	delete_socialtoken
56	Can view social application token	14	view_socialtoken
57	Can add user	15	add_user
58	Can change user	15	change_user
59	Can delete user	15	delete_user
60	Can view user	15	view_user
61	Can add email settings	16	add_emailsettings
62	Can change email settings	16	change_emailsettings
63	Can delete email settings	16	delete_emailsettings
64	Can view email settings	16	view_emailsettings
65	Can add system settings	17	add_systemsettings
66	Can change system settings	17	change_systemsettings
67	Can delete system settings	17	delete_systemsettings
68	Can view system settings	17	view_systemsettings
69	Can add ticket	18	add_ticket
70	Can change ticket	18	change_ticket
71	Can delete ticket	18	delete_ticket
72	Can view ticket	18	view_ticket
73	Can add client	19	add_client
74	Can change client	19	change_client
75	Can delete client	19	delete_client
76	Can view client	19	view_client
77	Can add item	20	add_item
78	Can change item	20	change_item
79	Can delete item	20	delete_item
80	Can view item	20	view_item
81	Can add scale	21	add_scale
82	Can change scale	21	change_scale
83	Can delete scale	21	delete_scale
84	Can view scale	21	view_scale
85	Can add driver	22	add_driver
86	Can change driver	22	change_driver
87	Can delete driver	22	delete_driver
88	Can view driver	22	view_driver
89	Can add vehicle	23	add_vehicle
90	Can change vehicle	23	change_vehicle
91	Can delete vehicle	23	delete_vehicle
92	Can view vehicle	23	view_vehicle
93	Can add blocked vehicle	24	add_blockedvehicle
94	Can change blocked vehicle	24	change_blockedvehicle
95	Can delete blocked vehicle	24	delete_blockedvehicle
96	Can view blocked vehicle	24	view_blockedvehicle
\.


--
-- Data for Name: authtoken_token; Type: TABLE DATA; Schema: public; Owner: postgres
--

COPY public.authtoken_token (key, created, user_id) FROM stdin;
\.


--
-- Data for Name: business_client; Type: TABLE DATA; Schema: public; Owner: postgres
--

COPY public.business_client (id, name, manager, phone, email, status, joined_at, notes) FROM stdin;
4	ABC	محمود الوزبر	+201021489200	mahmoud.m.elwazeer@gmail.com	active	2025-06-23	Morning entry
6	Test	محمود الوزبر	+201021489200	user@gmail.com	active	2025-06-23	nklnk
7	Test	محمود الوزبر	+201021489200	user@gmail.com	inactive	2025-06-23	
8	ABC Corporation	Mark David	+1234567890	mark@abc.com	active	2025-06-23	Notes
9	ABC Corporation	Mark David	+1234567890	mark@abc.com	active	2025-06-23	Notes
10	ABC Corporation	Mark David	+1234567890	mark@abc.com	active	2025-06-23	Notes
11	ABC Corporation	Mark David	+1234567890	mark@abc.com	active	2025-06-23	Notes
12	ABC Corporation	Mark David	+1234567890	mark@abc.com	active	2025-06-23	Notes
13	ABC Corporation	Mark David	+1234567890	mark@abc.com	active	2025-06-23	Notes
14	ABC Corporation	Mark David	+1234567890	mark@abc.com	active	2025-06-23	Notes
15	ABC Corporation	Mark David	+1234567890	mark@abc.com	active	2025-06-23	Notes
16	ABC Corporation	Mark David	+1234567890	mark@abc.com	active	2025-06-23	Notes
17	ABC Corporation	Mark David	+1234567890	mark@abc.com	active	2025-06-23	Notes
18	ABC Corporation	Mark David	+1234567890	mark@abc.com	active	2025-06-23	Notes
19	ABC Corporation	Mark David	+1234567890	mark@abc.com	active	2025-06-23	Notes
21	ABC Corporation	Mark David	+1234567890	mark@abc.com	active	2025-06-23	Notes
23	ABC Corporation	Mark David	+1234567890	mark@abc.com	inactive	2025-06-23	
1	ABC Corporation	Mark David	+1234567890	mark@abc.com	inactive	2025-06-23	
24	Test	محمود الوزبر			active	2025-06-24	
26	Test	محمود الوزبر			active	2025-06-24	
3	ABC Corporation	Mark David	+1234567890	mark@abc.com	inactive	2025-06-23	
5	ABC Corporation	Mark David		mark@abc.com	inactive	2025-06-23	Notes
20	ABC Corporation	Mark David	+1234567890	mark@abc.com	inactive	2025-06-23	Notes
25	Test	محمود الوزبر	01021489200		active	2025-06-24	ىخفثس
28	Test	Mark David	01021489200		inactive	2025-06-24	
29	John Doe	محمود الوزبر			active	2025-06-25	
\.


--
-- Data for Name: business_item; Type: TABLE DATA; Schema: public; Owner: postgres
--

COPY public.business_item (id, name, sector, type, notes) FROM stdin;
3	Test	type1	type1	تلايؤت
4	Test	type2	type2	m m
1	ذرة خضراه	type1	حي	
\.


--
-- Data for Name: business_scale; Type: TABLE DATA; Schema: public; Owner: postgres
--

COPY public.business_scale (id, name, manufacturer, model, front_camera_ip, front_camera_port, rear_camera_ip, rear_camera_port, status, connection_type, ip, port, delay, bits_number, serial_port, baudrate, parity, stop_bits, flow_control, weight_start_index, weight_end_index) FROM stdin;
1	Test	higiug	cc v	\N	\N	\N	\N	t	tcp	192.168.1.8	2001	0.75	5	\N	9600	\N	\N	\N	3	5
3	scale-2	string	string	string	string	string	string	t	tcp	192.168.1.50	9999	1	5	\N	9600	\N	\N	\N	2147483647	2147483647
2	scale-1	string	string	192.168.1.1	5555	192.168.1.2	4444	f	serial	192.168.1.50	9999	\N	5	COM1	110	none	\N	none	2147483647	2147483647
\.


--
-- Data for Name: company_emailsettings; Type: TABLE DATA; Schema: public; Owner: postgres
--

COPY public.company_emailsettings (id, email_host, email_port, email_host_user, email_host_password, recipient_email, use_tls) FROM stdin;
2	smtp.gmail.com	587	hoda3526@gmail.com	efhd apzs xggo kmik	mahmoud.m.elwazeer@gmail.com	t
\.


--
-- Data for Name: company_systemsettings; Type: TABLE DATA; Schema: public; Owner: postgres
--

COPY public.company_systemsettings (id, company_name, company_logo, manipulation_threshold, start_ticket_number, payment_type, weighing_method, weighing_unit) FROM stdin;
2	شركة الميزان	logo/usam.png	50.000	T0-01	نقدي	manual	kg
\.


--
-- Data for Name: django_admin_log; Type: TABLE DATA; Schema: public; Owner: postgres
--

COPY public.django_admin_log (id, action_time, object_id, object_repr, action_flag, change_message, content_type_id, user_id) FROM stdin;
1	2025-06-23 09:27:58.331996+03	4	Ticket object (4)	2	[{"changed": {"fields": ["Second weight date", "Is completed"]}}]	18	1
2	2025-06-23 09:28:09.40026+03	7	Ticket object (7)	2	[{"changed": {"fields": ["Is completed"]}}]	18	1
3	2025-06-23 09:39:48.837588+03	6	Ticket object (6)	2	[{"changed": {"fields": ["Ticket type"]}}]	18	1
4	2025-06-23 10:18:20.240544+03	4	MNO456	2	[{"changed": {"fields": ["Status"]}}]	23	1
5	2025-06-23 10:18:40.031829+03	4	MNO456	2	[{"changed": {"fields": ["Status"]}}]	23	1
6	2025-06-23 10:19:30.187809+03	1	MNO456 - Blocked	1	[{"added": {}}]	24	1
7	2025-06-23 10:28:15.108573+03	2	scale-1	2	[{"changed": {"fields": ["Status", "Delay", "Stop bits"]}}]	21	1
8	2025-06-23 13:24:47.741063+03	1	admin@gmail.com	2	[{"changed": {"fields": ["First name", "Last name"]}}]	15	1
9	2025-06-24 11:40:47.112675+03	2	MNO456	2	[{"changed": {"fields": ["Drivers"]}}]	23	1
10	2025-06-29 10:55:08.548637+03	1	MNO456 - Blocked	2	[{"changed": {"fields": ["Manipulative value"]}}]	24	1
11	2025-06-29 12:20:11.512846+03	1	MNO456 - Unblocked	2	[{"changed": {"fields": ["Unblock reason", "Status"]}}]	24	1
12	2025-06-29 12:20:48.453254+03	1	MNO456 - Unblocked	2	[{"changed": {"fields": ["Unblock user"]}}]	24	1
13	2025-06-29 12:21:26.766765+03	1	MNO456 - Blocked	2	[{"changed": {"fields": ["Is blocked", "Unblock date"]}}]	24	1
14	2025-06-29 12:23:03.53621+03	1	MNO456 - Blocked	2	[]	24	1
15	2025-06-29 12:23:19.506286+03	2	MNO456 - Blocked	1	[{"added": {}}]	24	1
\.


--
-- Data for Name: django_content_type; Type: TABLE DATA; Schema: public; Owner: postgres
--

COPY public.django_content_type (id, app_label, model) FROM stdin;
1	admin	logentry
2	auth	permission
3	auth	group
4	contenttypes	contenttype
5	sessions	session
6	authtoken	token
7	authtoken	tokenproxy
8	token_blacklist	blacklistedtoken
9	token_blacklist	outstandingtoken
10	account	emailaddress
11	account	emailconfirmation
12	socialaccount	socialaccount
13	socialaccount	socialapp
14	socialaccount	socialtoken
15	users	user
16	company	emailsettings
17	company	systemsettings
18	tickets	ticket
19	business	client
20	business	item
21	business	scale
22	vehicles	driver
23	vehicles	vehicle
24	vehicles	blockedvehicle
\.


--
-- Data for Name: django_migrations; Type: TABLE DATA; Schema: public; Owner: postgres
--

COPY public.django_migrations (id, app, name, applied) FROM stdin;
1	contenttypes	0001_initial	2025-06-22 15:54:42.308375+03
2	contenttypes	0002_remove_content_type_name	2025-06-22 15:54:42.343007+03
3	auth	0001_initial	2025-06-22 15:54:42.432609+03
4	auth	0002_alter_permission_name_max_length	2025-06-22 15:54:42.461239+03
5	auth	0003_alter_user_email_max_length	2025-06-22 15:54:42.505898+03
6	auth	0004_alter_user_username_opts	2025-06-22 15:54:42.543319+03
7	auth	0005_alter_user_last_login_null	2025-06-22 15:54:42.583307+03
8	auth	0006_require_contenttypes_0002	2025-06-22 15:54:42.611545+03
9	auth	0007_alter_validators_add_error_messages	2025-06-22 15:54:42.640266+03
10	auth	0008_alter_user_username_max_length	2025-06-22 15:54:42.691117+03
11	auth	0009_alter_user_last_name_max_length	2025-06-22 15:54:42.731348+03
12	auth	0010_alter_group_name_max_length	2025-06-22 15:54:42.771386+03
13	auth	0011_update_proxy_permissions	2025-06-22 15:54:42.804533+03
14	auth	0012_alter_user_first_name_max_length	2025-06-22 15:54:42.840564+03
15	users	0001_initial	2025-06-22 15:54:42.964693+03
16	account	0001_initial	2025-06-22 15:54:43.090878+03
17	account	0002_email_max_length	2025-06-22 15:54:43.143605+03
18	account	0003_alter_emailaddress_create_unique_verified_email	2025-06-22 15:54:43.191645+03
19	account	0004_alter_emailaddress_drop_unique_email	2025-06-22 15:54:43.23501+03
20	account	0005_emailaddress_idx_upper_email	2025-06-22 15:54:43.274496+03
21	account	0006_emailaddress_lower	2025-06-22 15:54:43.317807+03
22	account	0007_emailaddress_idx_email	2025-06-22 15:54:43.371011+03
23	account	0008_emailaddress_unique_primary_email_fixup	2025-06-22 15:54:43.406846+03
24	account	0009_emailaddress_unique_primary_email	2025-06-22 15:54:43.439456+03
25	admin	0001_initial	2025-06-22 15:54:43.515048+03
26	admin	0002_logentry_remove_auto_add	2025-06-22 15:54:43.572717+03
27	admin	0003_logentry_add_action_flag_choices	2025-06-22 15:54:43.608612+03
28	authtoken	0001_initial	2025-06-22 15:54:43.724591+03
29	authtoken	0002_auto_20160226_1747	2025-06-22 15:54:43.808976+03
30	authtoken	0003_tokenproxy	2025-06-22 15:54:43.844183+03
31	authtoken	0004_alter_tokenproxy_options	2025-06-22 15:54:43.884901+03
32	business	0001_initial	2025-06-22 15:54:43.923469+03
35	sessions	0001_initial	2025-06-22 15:54:44.055047+03
36	socialaccount	0001_initial	2025-06-22 15:54:44.217987+03
37	socialaccount	0002_token_max_lengths	2025-06-22 15:54:44.273063+03
38	socialaccount	0003_extra_data_default_dict	2025-06-22 15:54:44.311301+03
39	socialaccount	0004_app_provider_id_settings	2025-06-22 15:54:44.38477+03
40	socialaccount	0005_socialtoken_nullable_app	2025-06-22 15:54:44.433675+03
41	socialaccount	0006_alter_socialaccount_extra_data	2025-06-22 15:54:44.479438+03
42	vehicles	0001_initial	2025-06-22 15:54:44.525453+03
43	vehicles	0002_driver_license_category_driver_license_expiry	2025-06-22 15:54:44.567427+03
44	vehicles	0003_driver_status	2025-06-22 15:54:44.60045+03
45	vehicles	0004_vehicle	2025-06-22 15:54:44.637631+03
46	vehicles	0005_vehicle_driver_blockedvehicle	2025-06-22 15:54:44.744655+03
47	vehicles	0006_alter_blockedvehicle_unblock_user	2025-06-22 15:54:44.835491+03
48	vehicles	0007_alter_blockedvehicle_driver	2025-06-22 15:54:44.893405+03
49	tickets	0001_initial	2025-06-22 15:54:45.001258+03
50	token_blacklist	0001_initial	2025-06-22 15:54:45.157446+03
51	token_blacklist	0002_outstandingtoken_jti_hex	2025-06-22 15:54:45.195913+03
52	token_blacklist	0003_auto_20171017_2007	2025-06-22 15:54:45.285914+03
53	token_blacklist	0004_auto_20171017_2013	2025-06-22 15:54:45.340016+03
54	token_blacklist	0005_remove_outstandingtoken_jti	2025-06-22 15:54:45.381628+03
55	token_blacklist	0006_auto_20171017_2113	2025-06-22 15:54:45.454398+03
56	token_blacklist	0007_auto_20171017_2214	2025-06-22 15:54:45.52068+03
57	token_blacklist	0008_migrate_to_bigautofield	2025-06-22 15:54:45.618792+03
58	token_blacklist	0010_fix_migrate_to_bigautofield	2025-06-22 15:54:45.717933+03
59	token_blacklist	0011_linearizes_history	2025-06-22 15:54:45.748379+03
60	token_blacklist	0012_alter_outstandingtoken_user	2025-06-22 15:54:45.800306+03
61	business	0002_client_notes	2025-06-23 12:28:16.242363+03
62	business	0003_alter_client_email_alter_client_phone	2025-06-23 13:49:45.41075+03
63	vehicles	0008_remove_vehicle_driver_vehicle_drivers	2025-06-24 11:33:54.115012+03
64	vehicles	0009_vehicle_year	2025-06-25 09:57:37.259997+03
65	vehicles	0010_vehicle_license_expiry	2025-06-25 10:22:08.560576+03
66	vehicles	0011_alter_vehicle_license_expiry	2025-06-25 10:31:23.255782+03
67	business	0004_alter_item_sector_alter_item_type	2025-06-29 08:53:19.215975+03
68	business	0005_item_notes	2025-06-29 09:15:15.396625+03
73	company	0001_initial	2025-06-29 13:40:13.130285+03
\.


--
-- Data for Name: django_session; Type: TABLE DATA; Schema: public; Owner: postgres
--

COPY public.django_session (session_key, session_data, expire_date) FROM stdin;
bp3cfmh1pgjw9uwa1r0zosujghce3352	.eJxVjMEOwiAQBf-Fs2koUOj26N1vIAssFkVI2uLF-O_apJde38y8D0PvayubfdOSYqJg6YUps6m0nC_MYttm21ZabApsYoKdNof-SWUH4YHlXjtfy7Yk1-1Kd9C1u9VA-Xq4p4MZ1_lfRy4lV1oJJwl64EOPGhwJCR5MBMkhCm8UIgwGogbgUY3GDVoYOTqv2PcHB1tCDQ:1uTKHZ:H6OsNqvmWBaqgnvn1atr7g1uLieMW-wpMSRgDRNqGtM	2025-07-06 15:58:49.213151+03
amr99ckmuehembx6qh88svf4p2t7no1v	.eJxVjDsOwjAQBe_iGlmO158sJT1nsHb9wQHkSHFSIe4OkVJA-2bmvUSgba1h63kJUxJnocXpd2OKj9x2kO7UbrOMc1uXieWuyIN2eZ1Tfl4O9--gUq_fuigAZZzRDBkHVHYgh5w1YERfEBQWHb0hQuuxOERVzOjZOu1h5GjE-wOy8Tan:1uTKIg:jusXwjXh5ONjEzaqSE6gBXOxaiAxSL-JjKBdAXC1gZo	2025-07-06 15:59:58.291125+03
cl1qqqek578dvxfw9i9qb27cseon6rm8	.eJxVjDsOwjAQBe_iGlnxb4Mp6TmDtWuvcQDZUpxUiLuTSCmgfTPz3iLgupSwdp7DlMRFKHH63Qjjk-sO0gPrvcnY6jJPJHdFHrTLW0v8uh7u30HBXrba6ew0a0NWnWMm8AhuUJ4iWYMEZoPeKaMj4sgAOQIppz37NPjRuiw-X9ntN6Q:1uTaYX:WU0JtC0yaunJkpK0HJY1bDz2yt0s0wlYHjTl7ECdoAo	2025-07-07 09:21:25.82713+03
jyjlnnqy3g8yk0omqy678ae7vk6azjk7	.eJxVjDsOwjAQBe_iGlnxb4Mp6TmDtWuvcQDZUpxUiLuTSCmgfTPz3iLgupSwdp7DlMRFKHH63Qjjk-sO0gPrvcnY6jJPJHdFHrTLW0v8uh7u30HBXrba6ew0a0NWnWMm8AhuUJ4iWYMEZoPeKaMj4sgAOQIppz37NPjRuiw-X9ntN6Q:1uTcLz:1EaJ9Ma_Q_NT3Qw6BJtXhBSE7sRFU5v1AZnLWaDHiAQ	2025-07-07 11:16:35.556977+03
7zyum5kq7rezznxnu65f0om1w205is49	.eJxVjDsOwjAQBe_iGlnxb4Mp6TmDtWuvcQDZUpxUiLuTSCmgfTPz3iLgupSwdp7DlMRFKHH63Qjjk-sO0gPrvcnY6jJPJHdFHrTLW0v8uh7u30HBXrba6ew0a0NWnWMm8AhuUJ4iWYMEZoPeKaMj4sgAOQIppz37NPjRuiw-X9ntN6Q:1uTcQu:9wWjNXTFJa0BpMbOsBZq27c67xk0ZYVK9etwFMODR6o	2025-07-07 11:21:40.150322+03
6yg7olehr5f9xqtvacbkc23z1syjymlz	.eJxVjDsOwjAQBe_iGlnxb4Mp6TmDtWuvcQDZUpxUiLuTSCmgfTPz3iLgupSwdp7DlMRFKHH63Qjjk-sO0gPrvcnY6jJPJHdFHrTLW0v8uh7u30HBXrba6ew0a0NWnWMm8AhuUJ4iWYMEZoPeKaMj4sgAOQIppz37NPjRuiw-X9ntN6Q:1uTccT:heyPZVu4VhmA-YjoCwtrBR99VspEhHS5PMTq9mOOiuc	2025-07-07 11:33:37.770795+03
fispv4klwj7xc0pocq4xk8zfuj7mxgh3	.eJxVjDsOwjAQBe_iGlnxb4Mp6TmDtWuvcQDZUpxUiLuTSCmgfTPz3iLgupSwdp7DlMRFKHH63Qjjk-sO0gPrvcnY6jJPJHdFHrTLW0v8uh7u30HBXrba6ew0a0NWnWMm8AhuUJ4iWYMEZoPeKaMj4sgAOQIppz37NPjRuiw-X9ntN6Q:1uTdQk:i3dT645WekGVGwRELIRMTapSltjvp8gaUuNw2STl7pU	2025-07-07 12:25:34.091201+03
uf8on5oxiaewylmyuww88n61l05w97vq	.eJxVjDsOwjAQBe_iGlnxb4Mp6TmDtWuvcQDZUpxUiLuTSCmgfTPz3iLgupSwdp7DlMRFKHH63Qjjk-sO0gPrvcnY6jJPJHdFHrTLW0v8uh7u30HBXrba6ew0a0NWnWMm8AhuUJ4iWYMEZoPeKaMj4sgAOQIppz37NPjRuiw-X9ntN6Q:1uTeJ7:ZRvDBTxirFEcH1wv5blgrB0WLVjidq9YUMhluQTpBww	2025-07-07 13:21:45.450533+03
czpp4zd5ft021uodxca844x55m4irx6y	.eJxVjDsOwjAQBe_iGlnxb4Mp6TmDtWuvcQDZUpxUiLuTSCmgfTPz3iLgupSwdp7DlMRFKHH63Qjjk-sO0gPrvcnY6jJPJHdFHrTLW0v8uh7u30HBXrba6ew0a0NWnWMm8AhuUJ4iWYMEZoPeKaMj4sgAOQIppz37NPjRuiw-X9ntN6Q:1uTzkh:3hgSd2dzoMroWaLdsHDpRyErQXKKhXtIhQZWL4XfJOU	2025-07-08 12:15:39.22891+03
onuudmnhd934qbynwie9wvfgdgjhkrhg	.eJxVjDsOwjAQBe_iGlnxb4Mp6TmDtWuvcQDZUpxUiLuTSCmgfTPz3iLgupSwdp7DlMRFKHH63Qjjk-sO0gPrvcnY6jJPJHdFHrTLW0v8uh7u30HBXrba6ew0a0NWnWMm8AhuUJ4iWYMEZoPeKaMj4sgAOQIppz37NPjRuiw-X9ntN6Q:1uU2cn:q2R-2sKPyTyFDC4GCEatY7-CRMiRh-HNsGugzK2Mr5E	2025-07-08 15:19:41.566583+03
r6c1y1zt2e64fy8d45jmuar1vl042xna	.eJxVjDsOwjAQBe_iGlnxb4Mp6TmDtWuvcQDZUpxUiLuTSCmgfTPz3iLgupSwdp7DlMRFKHH63Qjjk-sO0gPrvcnY6jJPJHdFHrTLW0v8uh7u30HBXrba6ew0a0NWnWMm8AhuUJ4iWYMEZoPeKaMj4sgAOQIppz37NPjRuiw-X9ntN6Q:1uU2dN:c6kPoqBQBp2R7jrF3NvEXGMuvcFQLFXYeiTxE0UxaOw	2025-07-08 15:20:17.223999+03
w4s2aqnoxmi8u9pb1sbz2zlnnta62o33	.eJxVjDsOwjAQBe_iGlmO158sJT1nsHb9wQHkSHFSIe4OkVJA-2bmvUSgba1h63kJUxJnocXpd2OKj9x2kO7UbrOMc1uXieWuyIN2eZ1Tfl4O9--gUq_fuigAZZzRDBkHVHYgh5w1YERfEBQWHb0hQuuxOERVzOjZOu1h5GjE-wOy8Tan:1uUJK5:_b-cB18hgzRcHyQWpSrVwyRiPipOv2ta2riZFYtWF8o	2025-07-09 09:09:29.397282+03
lo64mcx02bd5j7yz338t6nyq0kt9bbkd	.eJxVjDsOwjAQBe_iGlnxb4Mp6TmDtWuvcQDZUpxUiLuTSCmgfTPz3iLgupSwdp7DlMRFKHH63Qjjk-sO0gPrvcnY6jJPJHdFHrTLW0v8uh7u30HBXrba6ew0a0NWnWMm8AhuUJ4iWYMEZoPeKaMj4sgAOQIppz37NPjRuiw-X9ntN6Q:1uULhl:qoT22Je89jOg-zvid-ZMiREcpMalGr714aUCH33MY88	2025-07-09 11:42:05.467732+03
p79u5uezmcru91bq5uzha8tuwud9oy3v	.eJxVjDsOwjAQBe_iGlnxb4Mp6TmDtWuvcQDZUpxUiLuTSCmgfTPz3iLgupSwdp7DlMRFKHH63Qjjk-sO0gPrvcnY6jJPJHdFHrTLW0v8uh7u30HBXrba6ew0a0NWnWMm8AhuUJ4iWYMEZoPeKaMj4sgAOQIppz37NPjRuiw-X9ntN6Q:1uVkic:xHcwksPesPwYpArLvEW35QYo08Y4BV-BROsjasQ1rUQ	2025-07-13 08:36:46.681763+03
070d7nj4vc4gsom7ua6v40p9tehwr3e6	.eJxVjDsOwjAQBe_iGlnxb4Mp6TmDtWuvcQDZUpxUiLuTSCmgfTPz3iLgupSwdp7DlMRFKHH63Qjjk-sO0gPrvcnY6jJPJHdFHrTLW0v8uh7u30HBXrba6ew0a0NWnWMm8AhuUJ4iWYMEZoPeKaMj4sgAOQIppz37NPjRuiw-X9ntN6Q:1uVmYC:jenlILE_wHQcU2Ukxu_dX9PPGbpRm0TZ9KOT6YyCvBw	2025-07-13 10:34:08.272872+03
7x9gk8v48ibege4y7xah93x3vg97a2d1	.eJxVjDsOwjAQBe_iGlnxb4Mp6TmDtWuvcQDZUpxUiLuTSCmgfTPz3iLgupSwdp7DlMRFKHH63Qjjk-sO0gPrvcnY6jJPJHdFHrTLW0v8uh7u30HBXrba6ew0a0NWnWMm8AhuUJ4iWYMEZoPeKaMj4sgAOQIppz37NPjRuiw-X9ntN6Q:1uVmru:_-81xOcES__Pfa3kqFqTImaog8TK3kn3O88iFieEVxg	2025-07-13 10:54:30.888561+03
\.


--
-- Data for Name: socialaccount_socialaccount; Type: TABLE DATA; Schema: public; Owner: postgres
--

COPY public.socialaccount_socialaccount (id, provider, uid, last_login, date_joined, extra_data, user_id) FROM stdin;
\.


--
-- Data for Name: socialaccount_socialapp; Type: TABLE DATA; Schema: public; Owner: postgres
--

COPY public.socialaccount_socialapp (id, provider, name, client_id, secret, key, provider_id, settings) FROM stdin;
\.


--
-- Data for Name: socialaccount_socialtoken; Type: TABLE DATA; Schema: public; Owner: postgres
--

COPY public.socialaccount_socialtoken (id, token, token_secret, expires_at, account_id, app_id) FROM stdin;
\.


--
-- Data for Name: tickets_ticket; Type: TABLE DATA; Schema: public; Owner: postgres
--

COPY public.tickets_ticket (id, ticket_number, ticket_type, first_weight, first_weight_date, second_weight, second_weight_date, trailer_first_weight, trailer_second_weight, trailer_plate_number, net_weight, farm, boxes_number, birds_number, gas_ratio, is_completed, notes, created_at, customer_id, driver_id, item_id, scale_id, vehicle_id) FROM stdin;
5	2	OUT	16600.750	2025-06-22T14:25:00	\N	\N	2500.000	\N	XYZ1234	\N	Green Farm	42	980	0.026	f	Morning entry	2025-06-23 09:21:49.708737+03	1	1	1	1	2
9	6	OUT	16600.750	2025-06-22T14:25:00	\N	\N	2500.000	\N	XYZ1234	\N	Green Farm	42	980	0.026	f	Morning entry	2025-06-23 09:21:54.288573+03	1	1	1	1	2
7	4	OUT	16600.750	2025-06-22T14:25:00	\N	\N	2500.000	\N	XYZ1234	\N	Green Farm	42	980	0.026	t	Morning entry	2024-06-23 09:21:51.938035+03	1	1	1	1	2
6	3	IN	16600.750	2025-06-22T14:25:00	\N	\N	2500.000	\N	XYZ1234	\N	Green Farm	42	980	0.026	f	Morning entry	2025-06-23 09:21:50.871238+03	1	1	1	1	2
8	5	OUT	16600.750	2025-06-22T14:25:00	\N	\N	2500.000	\N	XYZ1234	\N	Green Farm	42	980	0.026	f	Morning entry	2025-06-21 09:21:53.328052+03	1	1	1	1	2
4	1	OUT	16600.750	2025-06-22T14:25:00	\N	2025-06-22T14:25:00	2500.000	\N	XYZ1234	\N	Green Farm	42	980	0.026	t	Morning entry	2025-06-18 09:13:33.750978+03	1	1	1	1	2
12	7	OUT	16600.750	2025-06-22T14:25:00	\N	\N	2500.000	\N	XYZ1234	\N	Green Farm	42	980	0.026	f	Morning entry	2025-06-23 09:56:33.801287+03	1	1	1	1	1
13	8	OUT	16600.750	2025-06-22T14:25:00	\N	\N	2500.000	\N	XYZ1234	\N	Green Farm	42	980	0.026	f	Morning entry	2025-06-23 09:56:35.042818+03	1	1	1	1	1
14	9	OUT	16600.750	2025-06-22T14:25:00	\N	\N	2500.000	\N	XYZ1234	\N	Green Farm	42	980	0.026	f	Morning entry	2025-06-23 09:56:36.11114+03	1	1	1	1	1
15	10	OUT	16600.750	2025-06-22T14:25:00	\N	\N	2500.000	\N	XYZ1234	\N	Green Farm	42	980	0.026	f	Morning entry	2025-06-23 09:56:37.056605+03	1	1	1	1	1
32	27	OUT	16600.750	2025-06-22T14:25:00	\N	\N	2500.000	\N	XYZ1234	\N	Green Farm	42	980	0.026	f	Morning entry	2025-06-22 09:56:50.802448+03	1	1	1	1	1
31	26	OUT	16600.750	2025-06-22T14:25:00	\N	\N	2500.000	\N	XYZ1234	\N	Green Farm	42	980	0.026	f	Morning entry	2025-06-20 09:56:50.007642+03	1	1	1	1	1
30	25	OUT	16600.750	2025-06-22T14:25:00	\N	\N	2500.000	\N	XYZ1234	\N	Green Farm	42	980	0.026	f	Morning entry	2025-06-15 09:56:49.15855+03	1	1	1	1	1
29	24	OUT	16600.750	2025-06-22T14:25:00	\N	\N	2500.000	\N	XYZ1234	\N	Green Farm	42	980	0.026	f	Morning entry	2025-06-10 09:56:48.387976+03	1	1	1	1	1
28	23	OUT	16600.750	2025-06-22T14:25:00	\N	\N	2500.000	\N	XYZ1234	\N	Green Farm	42	980	0.026	f	Morning entry	2025-06-05 09:56:47.504723+03	1	1	1	1	1
27	22	OUT	16600.750	2025-06-22T14:25:00	\N	\N	2500.000	\N	XYZ1234	\N	Green Farm	42	980	0.026	f	Morning entry	2025-05-23 09:56:46.737277+03	1	1	1	1	1
26	21	OUT	16600.750	2025-06-22T14:25:00	\N	\N	2500.000	\N	XYZ1234	\N	Green Farm	42	980	0.026	f	Morning entry	2025-04-23 08:56:45.691148+02	1	1	1	1	1
25	20	OUT	16600.750	2025-06-22T14:25:00	\N	\N	2500.000	\N	XYZ1234	\N	Green Farm	42	980	0.026	f	Morning entry	2025-03-23 08:56:44.914455+02	1	1	1	1	1
24	19	OUT	16600.750	2025-06-22T14:25:00	\N	\N	2500.000	\N	XYZ1234	\N	Green Farm	42	980	0.026	f	Morning entry	2025-02-23 08:56:44.125435+02	1	1	1	1	1
23	18	OUT	16600.750	2025-06-22T14:25:00	\N	\N	2500.000	\N	XYZ1234	\N	Green Farm	42	980	0.026	f	Morning entry	2025-01-23 08:56:43.397458+02	1	1	1	1	1
22	17	OUT	16600.750	2025-06-22T14:25:00	\N	\N	2500.000	\N	XYZ1234	\N	Green Farm	42	980	0.026	f	Morning entry	2024-06-23 09:56:42.646779+03	1	1	1	1	1
21	16	OUT	16600.750	2025-06-22T14:25:00	\N	\N	2500.000	\N	XYZ1234	\N	Green Farm	42	980	0.026	f	Morning entry	2024-05-23 09:56:41.943406+03	1	1	1	1	1
20	15	OUT	16600.750	2025-06-22T14:25:00	\N	\N	2500.000	\N	XYZ1234	\N	Green Farm	42	980	0.026	f	Morning entry	2024-04-23 08:56:41.204981+02	1	1	1	1	1
19	14	OUT	16600.750	2025-06-22T14:25:00	\N	\N	2500.000	\N	XYZ1234	\N	Green Farm	42	980	0.026	f	Morning entry	2024-03-23 08:56:40.397214+02	1	1	1	1	1
18	13	OUT	16600.750	2025-06-22T14:25:00	\N	\N	2500.000	\N	XYZ1234	\N	Green Farm	42	980	0.026	f	Morning entry	2024-02-23 08:56:39.613933+02	1	1	1	1	1
17	12	OUT	16600.750	2025-06-22T14:25:00	\N	\N	2500.000	\N	XYZ1234	\N	Green Farm	42	980	0.026	f	Morning entry	2024-01-23 08:56:38.7775+02	1	1	1	1	1
16	11	OUT	16600.750	2025-06-22T14:25:00	\N	\N	2500.000	\N	XYZ1234	\N	Green Farm	42	980	0.026	f	Morning entry	2024-02-23 08:56:37.970484+02	1	1	1	1	1
\.


--
-- Data for Name: token_blacklist_blacklistedtoken; Type: TABLE DATA; Schema: public; Owner: postgres
--

COPY public.token_blacklist_blacklistedtoken (id, blacklisted_at, token_id) FROM stdin;
\.


--
-- Data for Name: token_blacklist_outstandingtoken; Type: TABLE DATA; Schema: public; Owner: postgres
--

COPY public.token_blacklist_outstandingtoken (id, token, created_at, expires_at, user_id, jti) FROM stdin;
1	eyJhbGciOiJIUzI1NiIsInR5cCI6IkpXVCJ9.eyJ0b2tlbl90eXBlIjoicmVmcmVzaCIsImV4cCI6MTc1MDY4MzUyOCwiaWF0IjoxNzUwNTk3MTI4LCJqdGkiOiJiZTVjYWNmMmI2MGM0NGQxOWRlZjg4MDhkZTg2OTg2NiIsInVzZXJfaWQiOjJ9.gs-LDB0F3LXfMcnfGbkW1W8tRVN3jMFjWJh8cMpZuLs	2025-06-22 15:58:48.962591+03	2025-06-23 15:58:48+03	2	be5cacf2b60c44d19def8808de869866
2	eyJhbGciOiJIUzI1NiIsInR5cCI6IkpXVCJ9.eyJ0b2tlbl90eXBlIjoicmVmcmVzaCIsImV4cCI6MTc1MDY4MzUzNiwiaWF0IjoxNzUwNTk3MTM2LCJqdGkiOiJjNGJmMTMyZTY1NDQ0NmJlYTFmYmZmMzM0MTBlZWE3MiIsInVzZXJfaWQiOjJ9.g1a6N9xkTfM2xk977-nVDiw0daytGO_iL2Wd-RHf9uU	2025-06-22 15:58:56.536835+03	2025-06-23 15:58:56+03	2	c4bf132e654446bea1fbff33410eea72
3	eyJhbGciOiJIUzI1NiIsInR5cCI6IkpXVCJ9.eyJ0b2tlbl90eXBlIjoicmVmcmVzaCIsImV4cCI6MTc1MDY4MzU5OCwiaWF0IjoxNzUwNTk3MTk4LCJqdGkiOiIxMjk0MzBmY2Y0ZGU0Zjk0OTY2NzAyYTM0NjA1N2UyMyIsInVzZXJfaWQiOjJ9.Cr1Z57Ni2O9D-HN_6MhTK0N9TH661QMURfOYJMzAqcI	2025-06-22 15:59:58.144267+03	2025-06-23 15:59:58+03	2	129430fcf4de4f94966702a346057e23
4	eyJhbGciOiJIUzI1NiIsInR5cCI6IkpXVCJ9.eyJ0b2tlbl90eXBlIjoicmVmcmVzaCIsImV4cCI6MTc1MDc0MzQ3MiwiaWF0IjoxNzUwNjU3MDcyLCJqdGkiOiI4OTE0OTBiNmZmYWU0ZDIwYWVlZDZlOGI2NDMxYzkwYSIsInVzZXJfaWQiOjJ9.ENGv9BMs9tONSrQmSrclQ--u_qBLYVhRMBoVTFA4I2k	2025-06-23 08:37:52.991793+03	2025-06-24 08:37:52+03	2	891490b6ffae4d20aeed6e8b6431c90a
5	eyJhbGciOiJIUzI1NiIsInR5cCI6IkpXVCJ9.eyJ0b2tlbl90eXBlIjoicmVmcmVzaCIsImV4cCI6MTc1MDc0Mzg3MCwiaWF0IjoxNzUwNjU3NDcwLCJqdGkiOiI0ZTg2OGExNWVhNDc0Y2I3YTZkZGRhNTVlZGJhNjk3ZSIsInVzZXJfaWQiOjF9.Ic3QWcgDvwp9nXA56iIP_2h61FZxOafRlMd0ME3hIpI	2025-06-23 08:44:30.680487+03	2025-06-24 08:44:30+03	1	4e868a15ea474cb7a6ddda55edba697e
6	eyJhbGciOiJIUzI1NiIsInR5cCI6IkpXVCJ9.eyJ0b2tlbl90eXBlIjoicmVmcmVzaCIsImV4cCI6MTc1MDc1Mjk5NSwiaWF0IjoxNzUwNjY2NTk1LCJqdGkiOiJlYWIxNGY0ZmUwZjM0MGRhYjk5OTRlNzZkNTk0ZTBkMCIsInVzZXJfaWQiOjF9.asZxHC2DhEq9_CWXZiJQKMSu3udaUpH1HMSncHUFgsU	2025-06-23 11:16:35.162589+03	2025-06-24 11:16:35+03	1	eab14f4fe0f340dab9994e76d594e0d0
7	eyJhbGciOiJIUzI1NiIsInR5cCI6IkpXVCJ9.eyJ0b2tlbl90eXBlIjoicmVmcmVzaCIsImV4cCI6MTc1MDc1MzMwMCwiaWF0IjoxNzUwNjY2OTAwLCJqdGkiOiI5OGUzNmQ0ZTgzZTU0YjNkYmZjMDdmYzVhYmQxYzE1NiIsInVzZXJfaWQiOjF9.Njc-M3v68JUSMTUy9liwGTMk-qSJhShLZbiqLQ-Y3FY	2025-06-23 11:21:40.001263+03	2025-06-24 11:21:40+03	1	98e36d4e83e54b3dbfc07fc5abd1c156
8	eyJhbGciOiJIUzI1NiIsInR5cCI6IkpXVCJ9.eyJ0b2tlbl90eXBlIjoicmVmcmVzaCIsImV4cCI6MTc1MDc1NDAxNywiaWF0IjoxNzUwNjY3NjE3LCJqdGkiOiJjZWY3MDA3MDZiZmI0ODRmODI1NzBjOWU2NGVkMDBhNyIsInVzZXJfaWQiOjF9.1gGwtlIFcCwm-dKgEBT2v1dheepKEUUkwvViJsMsyzk	2025-06-23 11:33:37.587288+03	2025-06-24 11:33:37+03	1	cef700706bfb484f82570c9e64ed00a7
9	eyJhbGciOiJIUzI1NiIsInR5cCI6IkpXVCJ9.eyJ0b2tlbl90eXBlIjoicmVmcmVzaCIsImV4cCI6MTc1MDc1NzEzMywiaWF0IjoxNzUwNjcwNzMzLCJqdGkiOiIwMzAwMTVlYWVlZWI0NjNjYmM2MjU0ZDUzOTZkM2VhZSIsInVzZXJfaWQiOjF9.Gd_UVrkNpGOuFdIObJBRBDZEvmsPH7QybPHrC_U00xA	2025-06-23 12:25:33.747495+03	2025-06-24 12:25:33+03	1	030015eaeeeb463cbc6254d5396d3eae
10	eyJhbGciOiJIUzI1NiIsInR5cCI6IkpXVCJ9.eyJ0b2tlbl90eXBlIjoicmVmcmVzaCIsImV4cCI6MTc1MDc2MDM3NywiaWF0IjoxNzUwNjczOTc3LCJqdGkiOiJiYWU1ZmNjMDRhYjE0NGRkODE4NTZhMDQzMzI1NzNiOSIsInVzZXJfaWQiOjF9.VoIZmPSCapyLLVcBR7yC5iLvnoUXgd6qEF4HoyDxGvw	2025-06-23 13:19:37.165287+03	2025-06-24 13:19:37+03	1	bae5fcc04ab144dd81856a04332573b9
11	eyJhbGciOiJIUzI1NiIsInR5cCI6IkpXVCJ9.eyJ0b2tlbl90eXBlIjoicmVmcmVzaCIsImV4cCI6MTc1MDc2MDUwNSwiaWF0IjoxNzUwNjc0MTA1LCJqdGkiOiJkOTI1MjYwYjNlN2E0OGE3YTdlNzNhZjIzYWExODc0MiIsInVzZXJfaWQiOjF9.TN7e8bAivjJh2oefuAmAG7GlObEeY7m_HEXV52gqyZk	2025-06-23 13:21:45.348112+03	2025-06-24 13:21:45+03	1	d925260b3e7a48a7a7e73af23aa18742
12	eyJhbGciOiJIUzI1NiIsInR5cCI6IkpXVCJ9.eyJ0b2tlbl90eXBlIjoicmVmcmVzaCIsImV4cCI6MTc1MDc2MDU2NSwiaWF0IjoxNzUwNjc0MTY1LCJqdGkiOiJiMWFiY2RiNjljYWY0MTNhYTA1NDRiOGY1NTI1ODU4ZSIsInVzZXJfaWQiOjR9.e-QmM0WAMEtRNMn3Idb1T5_ttaKGdmo7RcCTglfjclU	2025-06-23 13:22:45.74081+03	2025-06-24 13:22:45+03	4	b1abcdb69caf413aa0544b8f5525858e
13	eyJhbGciOiJIUzI1NiIsInR5cCI6IkpXVCJ9.eyJ0b2tlbl90eXBlIjoicmVmcmVzaCIsImV4cCI6MTc1MDg0MjkzOCwiaWF0IjoxNzUwNzU2NTM4LCJqdGkiOiI4MmYwY2VhZjU0OGU0ODg4YjNiNTkzMTM3ZThkNjAzMiIsInVzZXJfaWQiOjF9.TLrsxMUlca7eWh44HbJZzImUxNhtpUZl5eceg0hiQVE	2025-06-24 12:15:38.56905+03	2025-06-25 12:15:38+03	1	82f0ceaf548e4888b3b593137e8d6032
14	eyJhbGciOiJIUzI1NiIsInR5cCI6IkpXVCJ9.eyJ0b2tlbl90eXBlIjoicmVmcmVzaCIsImV4cCI6MTc1MDg1Mzk4MSwiaWF0IjoxNzUwNzY3NTgxLCJqdGkiOiI5YTVlOGE0ZDMyM2I0ODIwYTI5YjkxMzYxMDg5YzFlZCIsInVzZXJfaWQiOjF9.WKWq5hU6g0zYdi2wQDrlEuxKkV4wV7rwqR1mxJxjy_I	2025-06-24 15:19:41.21608+03	2025-06-25 15:19:41+03	1	9a5e8a4d323b4820a29b91361089c1ed
15	eyJhbGciOiJIUzI1NiIsInR5cCI6IkpXVCJ9.eyJ0b2tlbl90eXBlIjoicmVmcmVzaCIsImV4cCI6MTc1MDg1NDAxNywiaWF0IjoxNzUwNzY3NjE3LCJqdGkiOiJjMjdhYzAyYTk3ZmY0ODk5YmM3OWI0ZmVlNmU1ZmY3ZiIsInVzZXJfaWQiOjF9.mxdyeAwZEq37xD9ycl-u9rpw1piAGzZCU3etU9mH5do	2025-06-24 15:20:17.117139+03	2025-06-25 15:20:17+03	1	c27ac02a97ff4899bc79b4fee6e5ff7f
16	eyJhbGciOiJIUzI1NiIsInR5cCI6IkpXVCJ9.eyJ0b2tlbl90eXBlIjoicmVmcmVzaCIsImV4cCI6MTc1MDkxODE2OSwiaWF0IjoxNzUwODMxNzY5LCJqdGkiOiJlZWU4Mzg3ZWZjNzY0MDhkYjg1OTM5N2QxYzkzYzlkZSIsInVzZXJfaWQiOjJ9.YE2K928HHDAhKdQrKkjTFOhRbf1UUloSIOSCx4GE3UA	2025-06-25 09:09:29.097772+03	2025-06-26 09:09:29+03	2	eee8387efc76408db859397d1c93c9de
17	eyJhbGciOiJIUzI1NiIsInR5cCI6IkpXVCJ9.eyJ0b2tlbl90eXBlIjoicmVmcmVzaCIsImV4cCI6MTc1MDkyNzMyNCwiaWF0IjoxNzUwODQwOTI0LCJqdGkiOiI5NDQzNTBmYjQ3OWY0NTFmYTJkZGFlOWQ5ZmE5NWNlNyIsInVzZXJfaWQiOjF9.8DMMKaZMJK2PBm3iZhxBLqut99CJfkGy8qh_owBzCI0	2025-06-25 11:42:04.974245+03	2025-06-26 11:42:04+03	1	944350fb479f451fa2ddae9d9fa95ce7
18	eyJhbGciOiJIUzI1NiIsInR5cCI6IkpXVCJ9.eyJ0b2tlbl90eXBlIjoicmVmcmVzaCIsImV4cCI6MTc1MTI2MTgwNSwiaWF0IjoxNzUxMTc1NDA1LCJqdGkiOiIwMDNjNWM0MWM1NmY0NzMwYWMwYTZjN2IyMjQ2YzJjNiIsInVzZXJfaWQiOjF9.DBTJJfihqYnhO6tNrhehwT7h5m5F4-fP6zsNfv6N4-o	2025-06-29 08:36:45.958921+03	2025-06-30 08:36:45+03	1	003c5c41c56f4730ac0a6c7b2246c2c6
19	eyJhbGciOiJIUzI1NiIsInR5cCI6IkpXVCJ9.eyJ0b2tlbl90eXBlIjoicmVmcmVzaCIsImV4cCI6MTc1MTI2ODg0NywiaWF0IjoxNzUxMTgyNDQ3LCJqdGkiOiJmNDZhOTE2ZjQyODQ0NWYzOTM5N2FjMWFkY2ViNjMxMCIsInVzZXJfaWQiOjF9.lyEbzwhKio15_NwZxPEx36kVzUAkTjfLw7LsQeuUwEk	2025-06-29 10:34:07.821846+03	2025-06-30 10:34:07+03	1	f46a916f428445f39397ac1adceb6310
\.


--
-- Data for Name: users_user; Type: TABLE DATA; Schema: public; Owner: postgres
--

COPY public.users_user (id, password, last_login, is_superuser, is_staff, is_active, date_joined, email, first_name, last_name) FROM stdin;
4	pbkdf2_sha256$1000000$hdJY9QNMIrWR4hzrC0jCn5$qUMrOYfeeJFvkaP/aRvFzzehW/tsNL3mu/G/zx2JrQM=	2025-06-23 13:22:45.92593+03	f	f	t	2025-06-23 13:22:44.902343+03	test@gmail.com	Test	Test
2	pbkdf2_sha256$1000000$kPLoAjId6VSGxgl7uTG3GC$aKggjz0afrSvlmfDMKArndAFwLtPcuz55oOAUBZ6uoI=	2025-06-25 09:09:29.329806+03	f	f	t	2025-06-22 15:58:48.257089+03	user@gmail.com	Mahmoud	Elwazeer
1	pbkdf2_sha256$1000000$q8IieXxaWRwViqWpr2E5HZ$tdMfJA7uSR6oKUSFDcphnZlMM8uNTrsRrSmHNm+whSQ=	2025-06-29 10:54:30.837277+03	t	t	t	2025-06-22 15:55:30+03	admin@gmail.com	Mahmoud	Elwazeer
\.


--
-- Data for Name: users_user_groups; Type: TABLE DATA; Schema: public; Owner: postgres
--

COPY public.users_user_groups (id, user_id, group_id) FROM stdin;
\.


--
-- Data for Name: users_user_user_permissions; Type: TABLE DATA; Schema: public; Owner: postgres
--

COPY public.users_user_user_permissions (id, user_id, permission_id) FROM stdin;
\.


--
-- Data for Name: vehicles_blockedvehicle; Type: TABLE DATA; Schema: public; Owner: postgres
--

COPY public.vehicles_blockedvehicle (id, manipulative_value, manipulative_date, is_blocked, unblock_date, unblock_reason, status, driver_id, manipulative_user_id, unblock_user_id, vehicle_id) FROM stdin;
2	1500.000	2025-06-29 12:23:19.407534+03	t	\N	\N	blocked	2	2	\N	1
1	1500.000	2025-06-23 10:19:30.110873+03	f	2025-06-29 12:23:35.601503+03	لإث	unblocked	1	2	1	1
\.


--
-- Data for Name: vehicles_driver; Type: TABLE DATA; Schema: public; Owner: postgres
--

COPY public.vehicles_driver (id, name, license, notes, license_category, license_expiry, status) FROM stdin;
2	Tarek Shaaban	LIC12345678901	نقل ثقيل	Heavy	2026-12-31	active
4	Tarek Shaaban	LIC12345678901	نقل ثقيل	Heavy	2026-12-31	active
3	Tarek Shaaban	LIC12345678901	نقل ثقيل	Heavy	2026-12-31	inactive
7	Test	LIC12345678901		اولي	2027-11-24	active
8	Tarek Shaaban	LIC12345678901	نقل ثقيل	Heavy	2026-12-31	active
9	Test	KOC98765009200		اولي	2025-06-14	inactive
10	John Doe	KOC98765009200		اولي	2025-06-19	inactive
5	Ahmed Khaled	LIC12345678901	نقل ثقيل	Heavy	2026-12-31	active
11	Tarek Shaaban	LIC12345678901	نقل ثقيل	Heavy	2026-12-31	active
12	Tarek Shaaban	LIC12345678901	نقل ثقيل	Heavy	2026-12-31	active
13	Tarek Shaaban	LIC12345678901	نقل ثقيل	Heavy	2026-12-31	active
14	Tarek Shaaban	LIC12345678901	نقل ثقيل	Heavy	2026-12-31	active
15	Test	KOC98765009200		اولي	2027-06-24	active
1	Ahmed Khaled	LIC12345678901	نقل ثقيل	Heavy	2026-12-31	active
17	John Doe	KOC98765009200		اولي	2027-06-24	active
18	John Doe	KOC98765009200		اولي	2025-06-19	inactive
\.


--
-- Data for Name: vehicles_vehicle; Type: TABLE DATA; Schema: public; Owner: postgres
--

COPY public.vehicles_vehicle (id, plate, license, chassis_number, model, type, capacity, last_inspection_date, license_weight, first_weight, total_weight_operations, status, notes, created_at, year, license_expiry) FROM stdin;
1	MNO456	KOC98765009200	CHS456789ABC123	Toyota Hilux	Pickup Truck	3000.50	2025-03-15	5000.000	16600.750	0	active	First registration	2025-06-23 09:02:23.016944+03	\N	\N
3	MNO456	KOC98765009200	CHS456789ABC123	Toyota Hilux	Pickup Truck	3000.50	2025-03-15	5000.000	0.000	0	active	First registration	2025-06-23 10:17:48.871467+03	\N	\N
5	MNO456	KOC98765009200	CHS456789ABC123	Toyota Hilux	Pickup Truck	3000.50	2025-03-15	5000.000	0.000	0	active	First registration	2025-06-23 10:19:43.104822+03	\N	\N
7	MNO456	KOC98765009200	CHS456789ABC123	Toyota Hilux	Pickup Truck	3000.50	2025-03-15	5000.000	0.000	0	active	First registration	2025-06-24 11:53:40.042459+03	\N	\N
8	MNO456	KOC98765009200	CHS456789ABC123	Toyota Hilux	Pickup Truck	3000.50	2025-03-15	5000.000	0.000	0	active	First registration	2025-06-24 11:54:21.767336+03	\N	\N
9	MNO456	KOC98765009200	CHS456789ABC123	Toyota Hilux	Pickup Truck	3000.50	2025-03-15	5000.000	0.000	0	active	First registration	2025-06-25 10:03:23.075994+03	2025	\N
10	MNO456	KOC98765009200	CHS456789ABC123	Toyota Hilux	Pickup Truck	3000.50	2025-03-15	5000.000	0.000	0	active	First registration	2025-06-25 10:22:36.573765+03	2025	2026-12-31
11	MNO456	KOC98765009200				\N	\N	\N	\N	\N	active		2025-06-25 10:33:18.030899+03	\N	\N
12	MNO456	KOC98765009200	CHS456789ABC123	Toyota Hilux	Pickup Truck	23535.00	2025-06-27	\N	2000.000	\N	inactive		2025-06-25 10:33:56.802564+03	2024	2025-06-20
14	MNO456	KOC98765009200				\N	\N	\N	\N	\N	active		2025-06-25 10:50:41.560115+03	\N	\N
2	MNO456	KOC98765009200	CHS456789ABC123	Toyota Hilux	Pickup Truck	3000.50	2025-03-15	5000.000	16600.750	\N	active	First registration	2025-06-23 09:04:23.475766+03	2023	2025-06-27
6	MNO456	KOC98765009200	CHS456789ABC123	Toyota Hilux	Pickup Truck	3000.50	2025-03-21	5000.000	0.000	\N	active	First registration	2025-06-24 11:52:36.342434+03		\N
15	MNO456	KOC98765009200	CHS456789ABC123			\N	\N	\N	\N	\N	active		2025-06-25 16:31:16.585371+03	2016	\N
\.


--
-- Data for Name: vehicles_vehicle_drivers; Type: TABLE DATA; Schema: public; Owner: postgres
--

COPY public.vehicles_vehicle_drivers (id, vehicle_id, driver_id) FROM stdin;
1	2	2
2	2	5
3	3	5
5	3	11
6	2	14
7	3	14
8	8	1
9	8	2
10	5	15
12	6	1
14	2	17
16	8	17
19	7	18
20	9	1
21	9	2
22	10	1
23	10	2
24	12	11
25	12	5
26	14	10
27	14	7
28	15	11
29	15	3
\.


--
-- Name: account_emailaddress_id_seq; Type: SEQUENCE SET; Schema: public; Owner: postgres
--

SELECT pg_catalog.setval('public.account_emailaddress_id_seq', 2, true);


--
-- Name: account_emailconfirmation_id_seq; Type: SEQUENCE SET; Schema: public; Owner: postgres
--

SELECT pg_catalog.setval('public.account_emailconfirmation_id_seq', 1, false);


--
-- Name: auth_group_id_seq; Type: SEQUENCE SET; Schema: public; Owner: postgres
--

SELECT pg_catalog.setval('public.auth_group_id_seq', 1, false);


--
-- Name: auth_group_permissions_id_seq; Type: SEQUENCE SET; Schema: public; Owner: postgres
--

SELECT pg_catalog.setval('public.auth_group_permissions_id_seq', 1, false);


--
-- Name: auth_permission_id_seq; Type: SEQUENCE SET; Schema: public; Owner: postgres
--

SELECT pg_catalog.setval('public.auth_permission_id_seq', 96, true);


--
-- Name: business_client_id_seq; Type: SEQUENCE SET; Schema: public; Owner: postgres
--

SELECT pg_catalog.setval('public.business_client_id_seq', 29, true);


--
-- Name: business_item_id_seq; Type: SEQUENCE SET; Schema: public; Owner: postgres
--

SELECT pg_catalog.setval('public.business_item_id_seq', 4, true);


--
-- Name: business_scale_id_seq; Type: SEQUENCE SET; Schema: public; Owner: postgres
--

SELECT pg_catalog.setval('public.business_scale_id_seq', 3, true);


--
-- Name: company_emailsettings_id_seq; Type: SEQUENCE SET; Schema: public; Owner: postgres
--

SELECT pg_catalog.setval('public.company_emailsettings_id_seq', 2, true);


--
-- Name: company_systemsettings_id_seq; Type: SEQUENCE SET; Schema: public; Owner: postgres
--

SELECT pg_catalog.setval('public.company_systemsettings_id_seq', 2, true);


--
-- Name: django_admin_log_id_seq; Type: SEQUENCE SET; Schema: public; Owner: postgres
--

SELECT pg_catalog.setval('public.django_admin_log_id_seq', 15, true);


--
-- Name: django_content_type_id_seq; Type: SEQUENCE SET; Schema: public; Owner: postgres
--

SELECT pg_catalog.setval('public.django_content_type_id_seq', 24, true);


--
-- Name: django_migrations_id_seq; Type: SEQUENCE SET; Schema: public; Owner: postgres
--

SELECT pg_catalog.setval('public.django_migrations_id_seq', 73, true);


--
-- Name: socialaccount_socialaccount_id_seq; Type: SEQUENCE SET; Schema: public; Owner: postgres
--

SELECT pg_catalog.setval('public.socialaccount_socialaccount_id_seq', 1, false);


--
-- Name: socialaccount_socialapp_id_seq; Type: SEQUENCE SET; Schema: public; Owner: postgres
--

SELECT pg_catalog.setval('public.socialaccount_socialapp_id_seq', 1, false);


--
-- Name: socialaccount_socialtoken_id_seq; Type: SEQUENCE SET; Schema: public; Owner: postgres
--

SELECT pg_catalog.setval('public.socialaccount_socialtoken_id_seq', 1, false);


--
-- Name: tickets_ticket_id_seq; Type: SEQUENCE SET; Schema: public; Owner: postgres
--

SELECT pg_catalog.setval('public.tickets_ticket_id_seq', 32, true);


--
-- Name: token_blacklist_blacklistedtoken_id_seq; Type: SEQUENCE SET; Schema: public; Owner: postgres
--

SELECT pg_catalog.setval('public.token_blacklist_blacklistedtoken_id_seq', 1, false);


--
-- Name: token_blacklist_outstandingtoken_id_seq; Type: SEQUENCE SET; Schema: public; Owner: postgres
--

SELECT pg_catalog.setval('public.token_blacklist_outstandingtoken_id_seq', 19, true);


--
-- Name: users_user_groups_id_seq; Type: SEQUENCE SET; Schema: public; Owner: postgres
--

SELECT pg_catalog.setval('public.users_user_groups_id_seq', 1, false);


--
-- Name: users_user_id_seq; Type: SEQUENCE SET; Schema: public; Owner: postgres
--

SELECT pg_catalog.setval('public.users_user_id_seq', 4, true);


--
-- Name: users_user_user_permissions_id_seq; Type: SEQUENCE SET; Schema: public; Owner: postgres
--

SELECT pg_catalog.setval('public.users_user_user_permissions_id_seq', 1, false);


--
-- Name: vehicles_blockedvehicle_id_seq; Type: SEQUENCE SET; Schema: public; Owner: postgres
--

SELECT pg_catalog.setval('public.vehicles_blockedvehicle_id_seq', 2, true);


--
-- Name: vehicles_driver_id_seq; Type: SEQUENCE SET; Schema: public; Owner: postgres
--

SELECT pg_catalog.setval('public.vehicles_driver_id_seq', 18, true);


--
-- Name: vehicles_vehicle_drivers_id_seq; Type: SEQUENCE SET; Schema: public; Owner: postgres
--

SELECT pg_catalog.setval('public.vehicles_vehicle_drivers_id_seq', 29, true);


--
-- Name: vehicles_vehicle_id_seq; Type: SEQUENCE SET; Schema: public; Owner: postgres
--

SELECT pg_catalog.setval('public.vehicles_vehicle_id_seq', 15, true);


--
-- Name: account_emailaddress account_emailaddress_pkey; Type: CONSTRAINT; Schema: public; Owner: postgres
--

ALTER TABLE ONLY public.account_emailaddress
    ADD CONSTRAINT account_emailaddress_pkey PRIMARY KEY (id);


--
-- Name: account_emailaddress account_emailaddress_user_id_email_987c8728_uniq; Type: CONSTRAINT; Schema: public; Owner: postgres
--

ALTER TABLE ONLY public.account_emailaddress
    ADD CONSTRAINT account_emailaddress_user_id_email_987c8728_uniq UNIQUE (user_id, email);


--
-- Name: account_emailconfirmation account_emailconfirmation_key_key; Type: CONSTRAINT; Schema: public; Owner: postgres
--

ALTER TABLE ONLY public.account_emailconfirmation
    ADD CONSTRAINT account_emailconfirmation_key_key UNIQUE (key);


--
-- Name: account_emailconfirmation account_emailconfirmation_pkey; Type: CONSTRAINT; Schema: public; Owner: postgres
--

ALTER TABLE ONLY public.account_emailconfirmation
    ADD CONSTRAINT account_emailconfirmation_pkey PRIMARY KEY (id);


--
-- Name: auth_group auth_group_name_key; Type: CONSTRAINT; Schema: public; Owner: postgres
--

ALTER TABLE ONLY public.auth_group
    ADD CONSTRAINT auth_group_name_key UNIQUE (name);


--
-- Name: auth_group_permissions auth_group_permissions_group_id_permission_id_0cd325b0_uniq; Type: CONSTRAINT; Schema: public; Owner: postgres
--

ALTER TABLE ONLY public.auth_group_permissions
    ADD CONSTRAINT auth_group_permissions_group_id_permission_id_0cd325b0_uniq UNIQUE (group_id, permission_id);


--
-- Name: auth_group_permissions auth_group_permissions_pkey; Type: CONSTRAINT; Schema: public; Owner: postgres
--

ALTER TABLE ONLY public.auth_group_permissions
    ADD CONSTRAINT auth_group_permissions_pkey PRIMARY KEY (id);


--
-- Name: auth_group auth_group_pkey; Type: CONSTRAINT; Schema: public; Owner: postgres
--

ALTER TABLE ONLY public.auth_group
    ADD CONSTRAINT auth_group_pkey PRIMARY KEY (id);


--
-- Name: auth_permission auth_permission_content_type_id_codename_01ab375a_uniq; Type: CONSTRAINT; Schema: public; Owner: postgres
--

ALTER TABLE ONLY public.auth_permission
    ADD CONSTRAINT auth_permission_content_type_id_codename_01ab375a_uniq UNIQUE (content_type_id, codename);


--
-- Name: auth_permission auth_permission_pkey; Type: CONSTRAINT; Schema: public; Owner: postgres
--

ALTER TABLE ONLY public.auth_permission
    ADD CONSTRAINT auth_permission_pkey PRIMARY KEY (id);


--
-- Name: authtoken_token authtoken_token_pkey; Type: CONSTRAINT; Schema: public; Owner: postgres
--

ALTER TABLE ONLY public.authtoken_token
    ADD CONSTRAINT authtoken_token_pkey PRIMARY KEY (key);


--
-- Name: authtoken_token authtoken_token_user_id_key; Type: CONSTRAINT; Schema: public; Owner: postgres
--

ALTER TABLE ONLY public.authtoken_token
    ADD CONSTRAINT authtoken_token_user_id_key UNIQUE (user_id);


--
-- Name: business_client business_client_pkey; Type: CONSTRAINT; Schema: public; Owner: postgres
--

ALTER TABLE ONLY public.business_client
    ADD CONSTRAINT business_client_pkey PRIMARY KEY (id);


--
-- Name: business_item business_item_pkey; Type: CONSTRAINT; Schema: public; Owner: postgres
--

ALTER TABLE ONLY public.business_item
    ADD CONSTRAINT business_item_pkey PRIMARY KEY (id);


--
-- Name: business_scale business_scale_pkey; Type: CONSTRAINT; Schema: public; Owner: postgres
--

ALTER TABLE ONLY public.business_scale
    ADD CONSTRAINT business_scale_pkey PRIMARY KEY (id);


--
-- Name: company_emailsettings company_emailsettings_pkey; Type: CONSTRAINT; Schema: public; Owner: postgres
--

ALTER TABLE ONLY public.company_emailsettings
    ADD CONSTRAINT company_emailsettings_pkey PRIMARY KEY (id);


--
-- Name: company_systemsettings company_systemsettings_pkey; Type: CONSTRAINT; Schema: public; Owner: postgres
--

ALTER TABLE ONLY public.company_systemsettings
    ADD CONSTRAINT company_systemsettings_pkey PRIMARY KEY (id);


--
-- Name: company_systemsettings company_systemsettings_start_ticket_number_key; Type: CONSTRAINT; Schema: public; Owner: postgres
--

ALTER TABLE ONLY public.company_systemsettings
    ADD CONSTRAINT company_systemsettings_start_ticket_number_key UNIQUE (start_ticket_number);


--
-- Name: django_admin_log django_admin_log_pkey; Type: CONSTRAINT; Schema: public; Owner: postgres
--

ALTER TABLE ONLY public.django_admin_log
    ADD CONSTRAINT django_admin_log_pkey PRIMARY KEY (id);


--
-- Name: django_content_type django_content_type_app_label_model_76bd3d3b_uniq; Type: CONSTRAINT; Schema: public; Owner: postgres
--

ALTER TABLE ONLY public.django_content_type
    ADD CONSTRAINT django_content_type_app_label_model_76bd3d3b_uniq UNIQUE (app_label, model);


--
-- Name: django_content_type django_content_type_pkey; Type: CONSTRAINT; Schema: public; Owner: postgres
--

ALTER TABLE ONLY public.django_content_type
    ADD CONSTRAINT django_content_type_pkey PRIMARY KEY (id);


--
-- Name: django_migrations django_migrations_pkey; Type: CONSTRAINT; Schema: public; Owner: postgres
--

ALTER TABLE ONLY public.django_migrations
    ADD CONSTRAINT django_migrations_pkey PRIMARY KEY (id);


--
-- Name: django_session django_session_pkey; Type: CONSTRAINT; Schema: public; Owner: postgres
--

ALTER TABLE ONLY public.django_session
    ADD CONSTRAINT django_session_pkey PRIMARY KEY (session_key);


--
-- Name: socialaccount_socialaccount socialaccount_socialaccount_pkey; Type: CONSTRAINT; Schema: public; Owner: postgres
--

ALTER TABLE ONLY public.socialaccount_socialaccount
    ADD CONSTRAINT socialaccount_socialaccount_pkey PRIMARY KEY (id);


--
-- Name: socialaccount_socialaccount socialaccount_socialaccount_provider_uid_fc810c6e_uniq; Type: CONSTRAINT; Schema: public; Owner: postgres
--

ALTER TABLE ONLY public.socialaccount_socialaccount
    ADD CONSTRAINT socialaccount_socialaccount_provider_uid_fc810c6e_uniq UNIQUE (provider, uid);


--
-- Name: socialaccount_socialapp socialaccount_socialapp_pkey; Type: CONSTRAINT; Schema: public; Owner: postgres
--

ALTER TABLE ONLY public.socialaccount_socialapp
    ADD CONSTRAINT socialaccount_socialapp_pkey PRIMARY KEY (id);


--
-- Name: socialaccount_socialtoken socialaccount_socialtoken_app_id_account_id_fca4e0ac_uniq; Type: CONSTRAINT; Schema: public; Owner: postgres
--

ALTER TABLE ONLY public.socialaccount_socialtoken
    ADD CONSTRAINT socialaccount_socialtoken_app_id_account_id_fca4e0ac_uniq UNIQUE (app_id, account_id);


--
-- Name: socialaccount_socialtoken socialaccount_socialtoken_pkey; Type: CONSTRAINT; Schema: public; Owner: postgres
--

ALTER TABLE ONLY public.socialaccount_socialtoken
    ADD CONSTRAINT socialaccount_socialtoken_pkey PRIMARY KEY (id);


--
-- Name: tickets_ticket tickets_ticket_pkey; Type: CONSTRAINT; Schema: public; Owner: postgres
--

ALTER TABLE ONLY public.tickets_ticket
    ADD CONSTRAINT tickets_ticket_pkey PRIMARY KEY (id);


--
-- Name: tickets_ticket tickets_ticket_ticket_number_key; Type: CONSTRAINT; Schema: public; Owner: postgres
--

ALTER TABLE ONLY public.tickets_ticket
    ADD CONSTRAINT tickets_ticket_ticket_number_key UNIQUE (ticket_number);


--
-- Name: token_blacklist_blacklistedtoken token_blacklist_blacklistedtoken_pkey; Type: CONSTRAINT; Schema: public; Owner: postgres
--

ALTER TABLE ONLY public.token_blacklist_blacklistedtoken
    ADD CONSTRAINT token_blacklist_blacklistedtoken_pkey PRIMARY KEY (id);


--
-- Name: token_blacklist_blacklistedtoken token_blacklist_blacklistedtoken_token_id_key; Type: CONSTRAINT; Schema: public; Owner: postgres
--

ALTER TABLE ONLY public.token_blacklist_blacklistedtoken
    ADD CONSTRAINT token_blacklist_blacklistedtoken_token_id_key UNIQUE (token_id);


--
-- Name: token_blacklist_outstandingtoken token_blacklist_outstandingtoken_jti_hex_d9bdf6f7_uniq; Type: CONSTRAINT; Schema: public; Owner: postgres
--

ALTER TABLE ONLY public.token_blacklist_outstandingtoken
    ADD CONSTRAINT token_blacklist_outstandingtoken_jti_hex_d9bdf6f7_uniq UNIQUE (jti);


--
-- Name: token_blacklist_outstandingtoken token_blacklist_outstandingtoken_pkey; Type: CONSTRAINT; Schema: public; Owner: postgres
--

ALTER TABLE ONLY public.token_blacklist_outstandingtoken
    ADD CONSTRAINT token_blacklist_outstandingtoken_pkey PRIMARY KEY (id);


--
-- Name: users_user users_user_email_key; Type: CONSTRAINT; Schema: public; Owner: postgres
--

ALTER TABLE ONLY public.users_user
    ADD CONSTRAINT users_user_email_key UNIQUE (email);


--
-- Name: users_user_groups users_user_groups_pkey; Type: CONSTRAINT; Schema: public; Owner: postgres
--

ALTER TABLE ONLY public.users_user_groups
    ADD CONSTRAINT users_user_groups_pkey PRIMARY KEY (id);


--
-- Name: users_user_groups users_user_groups_user_id_group_id_b88eab82_uniq; Type: CONSTRAINT; Schema: public; Owner: postgres
--

ALTER TABLE ONLY public.users_user_groups
    ADD CONSTRAINT users_user_groups_user_id_group_id_b88eab82_uniq UNIQUE (user_id, group_id);


--
-- Name: users_user users_user_pkey; Type: CONSTRAINT; Schema: public; Owner: postgres
--

ALTER TABLE ONLY public.users_user
    ADD CONSTRAINT users_user_pkey PRIMARY KEY (id);


--
-- Name: users_user_user_permissions users_user_user_permissions_pkey; Type: CONSTRAINT; Schema: public; Owner: postgres
--

ALTER TABLE ONLY public.users_user_user_permissions
    ADD CONSTRAINT users_user_user_permissions_pkey PRIMARY KEY (id);


--
-- Name: users_user_user_permissions users_user_user_permissions_user_id_permission_id_43338c45_uniq; Type: CONSTRAINT; Schema: public; Owner: postgres
--

ALTER TABLE ONLY public.users_user_user_permissions
    ADD CONSTRAINT users_user_user_permissions_user_id_permission_id_43338c45_uniq UNIQUE (user_id, permission_id);


--
-- Name: vehicles_blockedvehicle vehicles_blockedvehicle_pkey; Type: CONSTRAINT; Schema: public; Owner: postgres
--

ALTER TABLE ONLY public.vehicles_blockedvehicle
    ADD CONSTRAINT vehicles_blockedvehicle_pkey PRIMARY KEY (id);


--
-- Name: vehicles_driver vehicles_driver_pkey; Type: CONSTRAINT; Schema: public; Owner: postgres
--

ALTER TABLE ONLY public.vehicles_driver
    ADD CONSTRAINT vehicles_driver_pkey PRIMARY KEY (id);


--
-- Name: vehicles_vehicle_drivers vehicles_vehicle_drivers_pkey; Type: CONSTRAINT; Schema: public; Owner: postgres
--

ALTER TABLE ONLY public.vehicles_vehicle_drivers
    ADD CONSTRAINT vehicles_vehicle_drivers_pkey PRIMARY KEY (id);


--
-- Name: vehicles_vehicle_drivers vehicles_vehicle_drivers_vehicle_id_driver_id_430890c2_uniq; Type: CONSTRAINT; Schema: public; Owner: postgres
--

ALTER TABLE ONLY public.vehicles_vehicle_drivers
    ADD CONSTRAINT vehicles_vehicle_drivers_vehicle_id_driver_id_430890c2_uniq UNIQUE (vehicle_id, driver_id);


--
-- Name: vehicles_vehicle vehicles_vehicle_pkey; Type: CONSTRAINT; Schema: public; Owner: postgres
--

ALTER TABLE ONLY public.vehicles_vehicle
    ADD CONSTRAINT vehicles_vehicle_pkey PRIMARY KEY (id);


--
-- Name: account_emailaddress_email_03be32b2; Type: INDEX; Schema: public; Owner: postgres
--

CREATE INDEX account_emailaddress_email_03be32b2 ON public.account_emailaddress USING btree (email);


--
-- Name: account_emailaddress_email_03be32b2_like; Type: INDEX; Schema: public; Owner: postgres
--

CREATE INDEX account_emailaddress_email_03be32b2_like ON public.account_emailaddress USING btree (email varchar_pattern_ops);


--
-- Name: account_emailaddress_user_id_2c513194; Type: INDEX; Schema: public; Owner: postgres
--

CREATE INDEX account_emailaddress_user_id_2c513194 ON public.account_emailaddress USING btree (user_id);


--
-- Name: account_emailconfirmation_email_address_id_5b7f8c58; Type: INDEX; Schema: public; Owner: postgres
--

CREATE INDEX account_emailconfirmation_email_address_id_5b7f8c58 ON public.account_emailconfirmation USING btree (email_address_id);


--
-- Name: account_emailconfirmation_key_f43612bd_like; Type: INDEX; Schema: public; Owner: postgres
--

CREATE INDEX account_emailconfirmation_key_f43612bd_like ON public.account_emailconfirmation USING btree (key varchar_pattern_ops);


--
-- Name: auth_group_name_a6ea08ec_like; Type: INDEX; Schema: public; Owner: postgres
--

CREATE INDEX auth_group_name_a6ea08ec_like ON public.auth_group USING btree (name varchar_pattern_ops);


--
-- Name: auth_group_permissions_group_id_b120cbf9; Type: INDEX; Schema: public; Owner: postgres
--

CREATE INDEX auth_group_permissions_group_id_b120cbf9 ON public.auth_group_permissions USING btree (group_id);


--
-- Name: auth_group_permissions_permission_id_84c5c92e; Type: INDEX; Schema: public; Owner: postgres
--

CREATE INDEX auth_group_permissions_permission_id_84c5c92e ON public.auth_group_permissions USING btree (permission_id);


--
-- Name: auth_permission_content_type_id_2f476e4b; Type: INDEX; Schema: public; Owner: postgres
--

CREATE INDEX auth_permission_content_type_id_2f476e4b ON public.auth_permission USING btree (content_type_id);


--
-- Name: authtoken_token_key_10f0b77e_like; Type: INDEX; Schema: public; Owner: postgres
--

CREATE INDEX authtoken_token_key_10f0b77e_like ON public.authtoken_token USING btree (key varchar_pattern_ops);


--
-- Name: company_systemsettings_start_ticket_number_0ea058a5_like; Type: INDEX; Schema: public; Owner: postgres
--

CREATE INDEX company_systemsettings_start_ticket_number_0ea058a5_like ON public.company_systemsettings USING btree (start_ticket_number varchar_pattern_ops);


--
-- Name: django_admin_log_content_type_id_c4bce8eb; Type: INDEX; Schema: public; Owner: postgres
--

CREATE INDEX django_admin_log_content_type_id_c4bce8eb ON public.django_admin_log USING btree (content_type_id);


--
-- Name: django_admin_log_user_id_c564eba6; Type: INDEX; Schema: public; Owner: postgres
--

CREATE INDEX django_admin_log_user_id_c564eba6 ON public.django_admin_log USING btree (user_id);


--
-- Name: django_session_expire_date_a5c62663; Type: INDEX; Schema: public; Owner: postgres
--

CREATE INDEX django_session_expire_date_a5c62663 ON public.django_session USING btree (expire_date);


--
-- Name: django_session_session_key_c0390e0f_like; Type: INDEX; Schema: public; Owner: postgres
--

CREATE INDEX django_session_session_key_c0390e0f_like ON public.django_session USING btree (session_key varchar_pattern_ops);


--
-- Name: socialaccount_socialaccount_user_id_8146e70c; Type: INDEX; Schema: public; Owner: postgres
--

CREATE INDEX socialaccount_socialaccount_user_id_8146e70c ON public.socialaccount_socialaccount USING btree (user_id);


--
-- Name: socialaccount_socialtoken_account_id_951f210e; Type: INDEX; Schema: public; Owner: postgres
--

CREATE INDEX socialaccount_socialtoken_account_id_951f210e ON public.socialaccount_socialtoken USING btree (account_id);


--
-- Name: socialaccount_socialtoken_app_id_636a42d7; Type: INDEX; Schema: public; Owner: postgres
--

CREATE INDEX socialaccount_socialtoken_app_id_636a42d7 ON public.socialaccount_socialtoken USING btree (app_id);


--
-- Name: tickets_ticket_customer_id_f2d9135a; Type: INDEX; Schema: public; Owner: postgres
--

CREATE INDEX tickets_ticket_customer_id_f2d9135a ON public.tickets_ticket USING btree (customer_id);


--
-- Name: tickets_ticket_driver_id_f83f5b07; Type: INDEX; Schema: public; Owner: postgres
--

CREATE INDEX tickets_ticket_driver_id_f83f5b07 ON public.tickets_ticket USING btree (driver_id);


--
-- Name: tickets_ticket_item_id_625c912f; Type: INDEX; Schema: public; Owner: postgres
--

CREATE INDEX tickets_ticket_item_id_625c912f ON public.tickets_ticket USING btree (item_id);


--
-- Name: tickets_ticket_scale_id_af0d39b4; Type: INDEX; Schema: public; Owner: postgres
--

CREATE INDEX tickets_ticket_scale_id_af0d39b4 ON public.tickets_ticket USING btree (scale_id);


--
-- Name: tickets_ticket_vehicle_id_9eff98f7; Type: INDEX; Schema: public; Owner: postgres
--

CREATE INDEX tickets_ticket_vehicle_id_9eff98f7 ON public.tickets_ticket USING btree (vehicle_id);


--
-- Name: token_blacklist_outstandingtoken_jti_hex_d9bdf6f7_like; Type: INDEX; Schema: public; Owner: postgres
--

CREATE INDEX token_blacklist_outstandingtoken_jti_hex_d9bdf6f7_like ON public.token_blacklist_outstandingtoken USING btree (jti varchar_pattern_ops);


--
-- Name: token_blacklist_outstandingtoken_user_id_83bc629a; Type: INDEX; Schema: public; Owner: postgres
--

CREATE INDEX token_blacklist_outstandingtoken_user_id_83bc629a ON public.token_blacklist_outstandingtoken USING btree (user_id);


--
-- Name: unique_primary_email; Type: INDEX; Schema: public; Owner: postgres
--

CREATE UNIQUE INDEX unique_primary_email ON public.account_emailaddress USING btree (user_id, "primary") WHERE "primary";


--
-- Name: unique_verified_email; Type: INDEX; Schema: public; Owner: postgres
--

CREATE UNIQUE INDEX unique_verified_email ON public.account_emailaddress USING btree (email) WHERE verified;


--
-- Name: users_user_email_243f6e77_like; Type: INDEX; Schema: public; Owner: postgres
--

CREATE INDEX users_user_email_243f6e77_like ON public.users_user USING btree (email varchar_pattern_ops);


--
-- Name: users_user_groups_group_id_9afc8d0e; Type: INDEX; Schema: public; Owner: postgres
--

CREATE INDEX users_user_groups_group_id_9afc8d0e ON public.users_user_groups USING btree (group_id);


--
-- Name: users_user_groups_user_id_5f6f5a90; Type: INDEX; Schema: public; Owner: postgres
--

CREATE INDEX users_user_groups_user_id_5f6f5a90 ON public.users_user_groups USING btree (user_id);


--
-- Name: users_user_user_permissions_permission_id_0b93982e; Type: INDEX; Schema: public; Owner: postgres
--

CREATE INDEX users_user_user_permissions_permission_id_0b93982e ON public.users_user_user_permissions USING btree (permission_id);


--
-- Name: users_user_user_permissions_user_id_20aca447; Type: INDEX; Schema: public; Owner: postgres
--

CREATE INDEX users_user_user_permissions_user_id_20aca447 ON public.users_user_user_permissions USING btree (user_id);


--
-- Name: vehicles_blockedvehicle_driver_id_254e4fc5; Type: INDEX; Schema: public; Owner: postgres
--

CREATE INDEX vehicles_blockedvehicle_driver_id_254e4fc5 ON public.vehicles_blockedvehicle USING btree (driver_id);


--
-- Name: vehicles_blockedvehicle_manipulative_user_id_7a9e0556; Type: INDEX; Schema: public; Owner: postgres
--

CREATE INDEX vehicles_blockedvehicle_manipulative_user_id_7a9e0556 ON public.vehicles_blockedvehicle USING btree (manipulative_user_id);


--
-- Name: vehicles_blockedvehicle_unblock_user_id_862e4e24; Type: INDEX; Schema: public; Owner: postgres
--

CREATE INDEX vehicles_blockedvehicle_unblock_user_id_862e4e24 ON public.vehicles_blockedvehicle USING btree (unblock_user_id);


--
-- Name: vehicles_blockedvehicle_vehicle_id_3ac050c1; Type: INDEX; Schema: public; Owner: postgres
--

CREATE INDEX vehicles_blockedvehicle_vehicle_id_3ac050c1 ON public.vehicles_blockedvehicle USING btree (vehicle_id);


--
-- Name: vehicles_vehicle_drivers_driver_id_428eff2e; Type: INDEX; Schema: public; Owner: postgres
--

CREATE INDEX vehicles_vehicle_drivers_driver_id_428eff2e ON public.vehicles_vehicle_drivers USING btree (driver_id);


--
-- Name: vehicles_vehicle_drivers_vehicle_id_48899abe; Type: INDEX; Schema: public; Owner: postgres
--

CREATE INDEX vehicles_vehicle_drivers_vehicle_id_48899abe ON public.vehicles_vehicle_drivers USING btree (vehicle_id);


--
-- Name: account_emailaddress account_emailaddress_user_id_2c513194_fk_users_user_id; Type: FK CONSTRAINT; Schema: public; Owner: postgres
--

ALTER TABLE ONLY public.account_emailaddress
    ADD CONSTRAINT account_emailaddress_user_id_2c513194_fk_users_user_id FOREIGN KEY (user_id) REFERENCES public.users_user(id) DEFERRABLE INITIALLY DEFERRED;


--
-- Name: account_emailconfirmation account_emailconfirm_email_address_id_5b7f8c58_fk_account_e; Type: FK CONSTRAINT; Schema: public; Owner: postgres
--

ALTER TABLE ONLY public.account_emailconfirmation
    ADD CONSTRAINT account_emailconfirm_email_address_id_5b7f8c58_fk_account_e FOREIGN KEY (email_address_id) REFERENCES public.account_emailaddress(id) DEFERRABLE INITIALLY DEFERRED;


--
-- Name: auth_group_permissions auth_group_permissio_permission_id_84c5c92e_fk_auth_perm; Type: FK CONSTRAINT; Schema: public; Owner: postgres
--

ALTER TABLE ONLY public.auth_group_permissions
    ADD CONSTRAINT auth_group_permissio_permission_id_84c5c92e_fk_auth_perm FOREIGN KEY (permission_id) REFERENCES public.auth_permission(id) DEFERRABLE INITIALLY DEFERRED;


--
-- Name: auth_group_permissions auth_group_permissions_group_id_b120cbf9_fk_auth_group_id; Type: FK CONSTRAINT; Schema: public; Owner: postgres
--

ALTER TABLE ONLY public.auth_group_permissions
    ADD CONSTRAINT auth_group_permissions_group_id_b120cbf9_fk_auth_group_id FOREIGN KEY (group_id) REFERENCES public.auth_group(id) DEFERRABLE INITIALLY DEFERRED;


--
-- Name: auth_permission auth_permission_content_type_id_2f476e4b_fk_django_co; Type: FK CONSTRAINT; Schema: public; Owner: postgres
--

ALTER TABLE ONLY public.auth_permission
    ADD CONSTRAINT auth_permission_content_type_id_2f476e4b_fk_django_co FOREIGN KEY (content_type_id) REFERENCES public.django_content_type(id) DEFERRABLE INITIALLY DEFERRED;


--
-- Name: authtoken_token authtoken_token_user_id_35299eff_fk_users_user_id; Type: FK CONSTRAINT; Schema: public; Owner: postgres
--

ALTER TABLE ONLY public.authtoken_token
    ADD CONSTRAINT authtoken_token_user_id_35299eff_fk_users_user_id FOREIGN KEY (user_id) REFERENCES public.users_user(id) DEFERRABLE INITIALLY DEFERRED;


--
-- Name: django_admin_log django_admin_log_content_type_id_c4bce8eb_fk_django_co; Type: FK CONSTRAINT; Schema: public; Owner: postgres
--

ALTER TABLE ONLY public.django_admin_log
    ADD CONSTRAINT django_admin_log_content_type_id_c4bce8eb_fk_django_co FOREIGN KEY (content_type_id) REFERENCES public.django_content_type(id) DEFERRABLE INITIALLY DEFERRED;


--
-- Name: django_admin_log django_admin_log_user_id_c564eba6_fk_users_user_id; Type: FK CONSTRAINT; Schema: public; Owner: postgres
--

ALTER TABLE ONLY public.django_admin_log
    ADD CONSTRAINT django_admin_log_user_id_c564eba6_fk_users_user_id FOREIGN KEY (user_id) REFERENCES public.users_user(id) DEFERRABLE INITIALLY DEFERRED;


--
-- Name: socialaccount_socialtoken socialaccount_social_account_id_951f210e_fk_socialacc; Type: FK CONSTRAINT; Schema: public; Owner: postgres
--

ALTER TABLE ONLY public.socialaccount_socialtoken
    ADD CONSTRAINT socialaccount_social_account_id_951f210e_fk_socialacc FOREIGN KEY (account_id) REFERENCES public.socialaccount_socialaccount(id) DEFERRABLE INITIALLY DEFERRED;


--
-- Name: socialaccount_socialtoken socialaccount_social_app_id_636a42d7_fk_socialacc; Type: FK CONSTRAINT; Schema: public; Owner: postgres
--

ALTER TABLE ONLY public.socialaccount_socialtoken
    ADD CONSTRAINT socialaccount_social_app_id_636a42d7_fk_socialacc FOREIGN KEY (app_id) REFERENCES public.socialaccount_socialapp(id) DEFERRABLE INITIALLY DEFERRED;


--
-- Name: socialaccount_socialaccount socialaccount_socialaccount_user_id_8146e70c_fk_users_user_id; Type: FK CONSTRAINT; Schema: public; Owner: postgres
--

ALTER TABLE ONLY public.socialaccount_socialaccount
    ADD CONSTRAINT socialaccount_socialaccount_user_id_8146e70c_fk_users_user_id FOREIGN KEY (user_id) REFERENCES public.users_user(id) DEFERRABLE INITIALLY DEFERRED;


--
-- Name: tickets_ticket tickets_ticket_customer_id_f2d9135a_fk_business_client_id; Type: FK CONSTRAINT; Schema: public; Owner: postgres
--

ALTER TABLE ONLY public.tickets_ticket
    ADD CONSTRAINT tickets_ticket_customer_id_f2d9135a_fk_business_client_id FOREIGN KEY (customer_id) REFERENCES public.business_client(id) DEFERRABLE INITIALLY DEFERRED;


--
-- Name: tickets_ticket tickets_ticket_driver_id_f83f5b07_fk_vehicles_driver_id; Type: FK CONSTRAINT; Schema: public; Owner: postgres
--

ALTER TABLE ONLY public.tickets_ticket
    ADD CONSTRAINT tickets_ticket_driver_id_f83f5b07_fk_vehicles_driver_id FOREIGN KEY (driver_id) REFERENCES public.vehicles_driver(id) DEFERRABLE INITIALLY DEFERRED;


--
-- Name: tickets_ticket tickets_ticket_item_id_625c912f_fk_business_item_id; Type: FK CONSTRAINT; Schema: public; Owner: postgres
--

ALTER TABLE ONLY public.tickets_ticket
    ADD CONSTRAINT tickets_ticket_item_id_625c912f_fk_business_item_id FOREIGN KEY (item_id) REFERENCES public.business_item(id) DEFERRABLE INITIALLY DEFERRED;


--
-- Name: tickets_ticket tickets_ticket_scale_id_af0d39b4_fk_business_scale_id; Type: FK CONSTRAINT; Schema: public; Owner: postgres
--

ALTER TABLE ONLY public.tickets_ticket
    ADD CONSTRAINT tickets_ticket_scale_id_af0d39b4_fk_business_scale_id FOREIGN KEY (scale_id) REFERENCES public.business_scale(id) DEFERRABLE INITIALLY DEFERRED;


--
-- Name: tickets_ticket tickets_ticket_vehicle_id_9eff98f7_fk_vehicles_vehicle_id; Type: FK CONSTRAINT; Schema: public; Owner: postgres
--

ALTER TABLE ONLY public.tickets_ticket
    ADD CONSTRAINT tickets_ticket_vehicle_id_9eff98f7_fk_vehicles_vehicle_id FOREIGN KEY (vehicle_id) REFERENCES public.vehicles_vehicle(id) DEFERRABLE INITIALLY DEFERRED;


--
-- Name: token_blacklist_blacklistedtoken token_blacklist_blacklistedtoken_token_id_3cc7fe56_fk; Type: FK CONSTRAINT; Schema: public; Owner: postgres
--

ALTER TABLE ONLY public.token_blacklist_blacklistedtoken
    ADD CONSTRAINT token_blacklist_blacklistedtoken_token_id_3cc7fe56_fk FOREIGN KEY (token_id) REFERENCES public.token_blacklist_outstandingtoken(id) DEFERRABLE INITIALLY DEFERRED;


--
-- Name: token_blacklist_outstandingtoken token_blacklist_outs_user_id_83bc629a_fk_users_use; Type: FK CONSTRAINT; Schema: public; Owner: postgres
--

ALTER TABLE ONLY public.token_blacklist_outstandingtoken
    ADD CONSTRAINT token_blacklist_outs_user_id_83bc629a_fk_users_use FOREIGN KEY (user_id) REFERENCES public.users_user(id) DEFERRABLE INITIALLY DEFERRED;


--
-- Name: users_user_groups users_user_groups_group_id_9afc8d0e_fk_auth_group_id; Type: FK CONSTRAINT; Schema: public; Owner: postgres
--

ALTER TABLE ONLY public.users_user_groups
    ADD CONSTRAINT users_user_groups_group_id_9afc8d0e_fk_auth_group_id FOREIGN KEY (group_id) REFERENCES public.auth_group(id) DEFERRABLE INITIALLY DEFERRED;


--
-- Name: users_user_groups users_user_groups_user_id_5f6f5a90_fk_users_user_id; Type: FK CONSTRAINT; Schema: public; Owner: postgres
--

ALTER TABLE ONLY public.users_user_groups
    ADD CONSTRAINT users_user_groups_user_id_5f6f5a90_fk_users_user_id FOREIGN KEY (user_id) REFERENCES public.users_user(id) DEFERRABLE INITIALLY DEFERRED;


--
-- Name: users_user_user_permissions users_user_user_perm_permission_id_0b93982e_fk_auth_perm; Type: FK CONSTRAINT; Schema: public; Owner: postgres
--

ALTER TABLE ONLY public.users_user_user_permissions
    ADD CONSTRAINT users_user_user_perm_permission_id_0b93982e_fk_auth_perm FOREIGN KEY (permission_id) REFERENCES public.auth_permission(id) DEFERRABLE INITIALLY DEFERRED;


--
-- Name: users_user_user_permissions users_user_user_permissions_user_id_20aca447_fk_users_user_id; Type: FK CONSTRAINT; Schema: public; Owner: postgres
--

ALTER TABLE ONLY public.users_user_user_permissions
    ADD CONSTRAINT users_user_user_permissions_user_id_20aca447_fk_users_user_id FOREIGN KEY (user_id) REFERENCES public.users_user(id) DEFERRABLE INITIALLY DEFERRED;


--
-- Name: vehicles_blockedvehicle vehicles_blockedvehi_driver_id_254e4fc5_fk_vehicles_; Type: FK CONSTRAINT; Schema: public; Owner: postgres
--

ALTER TABLE ONLY public.vehicles_blockedvehicle
    ADD CONSTRAINT vehicles_blockedvehi_driver_id_254e4fc5_fk_vehicles_ FOREIGN KEY (driver_id) REFERENCES public.vehicles_driver(id) DEFERRABLE INITIALLY DEFERRED;


--
-- Name: vehicles_blockedvehicle vehicles_blockedvehi_manipulative_user_id_7a9e0556_fk_users_use; Type: FK CONSTRAINT; Schema: public; Owner: postgres
--

ALTER TABLE ONLY public.vehicles_blockedvehicle
    ADD CONSTRAINT vehicles_blockedvehi_manipulative_user_id_7a9e0556_fk_users_use FOREIGN KEY (manipulative_user_id) REFERENCES public.users_user(id) DEFERRABLE INITIALLY DEFERRED;


--
-- Name: vehicles_blockedvehicle vehicles_blockedvehi_unblock_user_id_862e4e24_fk_users_use; Type: FK CONSTRAINT; Schema: public; Owner: postgres
--

ALTER TABLE ONLY public.vehicles_blockedvehicle
    ADD CONSTRAINT vehicles_blockedvehi_unblock_user_id_862e4e24_fk_users_use FOREIGN KEY (unblock_user_id) REFERENCES public.users_user(id) DEFERRABLE INITIALLY DEFERRED;


--
-- Name: vehicles_blockedvehicle vehicles_blockedvehi_vehicle_id_3ac050c1_fk_vehicles_; Type: FK CONSTRAINT; Schema: public; Owner: postgres
--

ALTER TABLE ONLY public.vehicles_blockedvehicle
    ADD CONSTRAINT vehicles_blockedvehi_vehicle_id_3ac050c1_fk_vehicles_ FOREIGN KEY (vehicle_id) REFERENCES public.vehicles_vehicle(id) DEFERRABLE INITIALLY DEFERRED;


--
-- Name: vehicles_vehicle_drivers vehicles_vehicle_dri_driver_id_428eff2e_fk_vehicles_; Type: FK CONSTRAINT; Schema: public; Owner: postgres
--

ALTER TABLE ONLY public.vehicles_vehicle_drivers
    ADD CONSTRAINT vehicles_vehicle_dri_driver_id_428eff2e_fk_vehicles_ FOREIGN KEY (driver_id) REFERENCES public.vehicles_driver(id) DEFERRABLE INITIALLY DEFERRED;


--
-- Name: vehicles_vehicle_drivers vehicles_vehicle_dri_vehicle_id_48899abe_fk_vehicles_; Type: FK CONSTRAINT; Schema: public; Owner: postgres
--

ALTER TABLE ONLY public.vehicles_vehicle_drivers
    ADD CONSTRAINT vehicles_vehicle_dri_vehicle_id_48899abe_fk_vehicles_ FOREIGN KEY (vehicle_id) REFERENCES public.vehicles_vehicle(id) DEFERRABLE INITIALLY DEFERRED;


--
-- PostgreSQL database dump complete
--

